shipname,vessel_type,operational_risk_category_pct,operational_risk_score_final,maintenance_risk_score_norm,predicted_high_traffic,weather_risk_score_norm
44,,High,0.7169695950265912,0.9872583860622346,1,0.0693069306930693
33,,High,0.6155409157107095,0.5452023923030251,1,0.1732673267326732
133,,High,0.37090530270098687,0.6769450684092303,0,0.5594059405940593
32,,High,,0.6483487908468406,1,
62,,Low,0.17367310938538155,0.29178165174665144,0,0.2871287128712871
126,,Low,0.05270932726980713,0.09153934172443967,0,0.0841584158415841
5,,Medium,0.2725137839493568,0.9083792798311894,0,0.0
36,,High,0.413360101070348,0.44222343921139107,0,0.9356435643564356
14,,High,,0.21740593659554422,0,
30,,High,,0.537793632631083,0,
119,,High,,0.0,0,
38,,High,,0.09153934172443967,0,
74,,High,,0.5892845123510804,0,
25,,High,,0.9780695816975769,0,
19,,Medium,0.2005766753743196,0.35670772979558685,0,0.3118811881188119
93,,High,0.29978467317836544,0.989381253828875,0,0.0099009900990099
143,,High,,0.11442417715554949,0,
34,,High,0.3474222535422983,0.935301901246605,0,0.2227722772277227
99,,High,0.2921021327413754,0.6865450629332975,0,0.2871287128712871
82,,High,0.4437475217535889,0.5435148414888606,0,0.9356435643564356
10,,High,,0.316434276431569,0,
64,,Low,0.17335262839065765,0.5778420946355255,0,0.0
21,,Medium,0.23080297606043268,0.7594422634357657,0,0.0099009900990099
35,,Low,0.15677493566912626,0.3394148020654045,0,0.1831683168316831
20,,Low,0.039922401470287916,0.1330746715676264,0,0.0
45,,Medium,0.253284424828025,0.7898259705488623,0,0.0544554455445544
2,,High,0.3720069528467477,0.6261617900172118,0,0.6138613861386139
78,,High,,0.8363453815261045,0,
3,,Low,0.17044593532888808,0.3354798504362277,0,0.2326732673267326
154,,Low,0.18919746783745153,0.6306582261248385,0,0.0
70,,Medium,0.202459819920203,0.5263512149155282,0,0.1485148514851485
97,,Low,0.022564835613641,0.07521611871213667,0,0.0
73,,High,,0.5580749966156763,0,
42,,High,,0.45197549976442086,0,
61,,Low,0.1666326322238105,0.5554421074127017,0,0.0
157,,Medium,0.27768402233516265,0.8414549919422916,0,0.0841584158415841
50,,High,0.2923436952704556,0.7566572020566342,0,0.2178217821782178
122,,Medium,0.24200713468398735,0.8066904489466246,0,0.0
22,,High,,0.8728094194961666,0,
138,,High,,0.05721208857777469,0,
100,,High,,0.04551539491298523,0,
94,,High,,0.31243618541964474,0,
41,,Medium,0.2221434240366721,0.5919632286370918,0,0.1485148514851485
139,,High,,0.5650186954715414,0,
60,,High,,0.7432013769363168,0,
67,,High,,0.463855421686747,0,
48,,High,,0.4044202286854424,0,
17,,High,,0.5062948422905104,0,
106,,Medium,0.26690790331484815,0.6966237041188009,0,0.193069306930693
81,,High,,0.535590638415732,0,
63,,High,,0.5959430944115446,0,
7,,Medium,0.235235766261652,0.5910499139414803,0,0.193069306930693
26,,High,,0.6400602409638555,0,
0,,Medium,0.2517056176513282,0.8390187255044275,0,0.0
132,,High,,0.9497206703910615,0,
55,,Medium,0.24412025798632786,0.6157143913075616,0,0.198019801980198
148,,High,0.30225094392477014,0.8342358196832274,0,0.1732673267326732
142,,Medium,0.27119462738918154,0.6168533784259848,0,0.2871287128712871
102,,Low,0.11346522453450167,0.37821741511500556,0,0.0
89,,Low,0.1573786335137496,0.37608059356068346,0,0.1485148514851485
49,,High,0.3013062149588453,0.8855421686746989,0,0.1188118811881188
31,,Medium,0.21552983751723453,0.7085318016251052,0,0.0099009900990099
92,,Low,0.03842859969217609,0.06868939171319423,0,0.0594059405940594
141,,Low,0.188526834611172,0.62842278203724,0,0.0
124,,High,,0.717446055408073,0,
52,,Medium,0.24675668862635297,0.30272031522315673,0,0.5198019801980198
46,,High,0.31365658080437997,0.7979971835393523,0,0.2475247524752475
134,,Low,0.10187142259253493,0.2603634878497039,0,0.0792079207920792
147,,Low,0.01938460412306288,0.03491237677984657,0,0.0297029702970297
103,,High,0.34156626506024096,0.13855421686746985,0,1.0
75,,Low,0.05120481927710842,0.17068273092369474,0,0.0
40,,Low,0.021559923906150913,0.07186641302050305,0,0.0
27,,Low,0.19262136303991845,0.35494249726177446,0,0.2871287128712871
47,,Low,0.09125387689371345,0.14081325301204822,0,0.1633663366336633
113,,High,,0.5001400952647801,0,
86,,Medium,0.1985411379316995,0.17170478320467497,0,0.4900990099009901
83,,High,,0.7724612736660931,0,
98,,Medium,0.2767480498310992,0.9175430043874924,0,0.0049504950495049
58,,High,,0.006095811818703332,0,
53,,Low,0.1285140562248996,0.428380187416332,0,0.0
39,,Low,0.029167302119871896,0.09722434039957299,0,0.0
13,,Low,0.12037624180934263,0.40125413936447546,0,0.0
54,,Low,0.14457831325301204,0.4819277108433735,0,0.0
116,,Medium,0.20668127053669225,0.6889375684556408,0,0.0
108,,High,,0.6686746987951808,0,
71,,Low,0.17878292832346337,0.5959430944115446,0,0.0
37,,High,,0.6748380806462847,0,
158,,High,0.49403931515535826,0.6467977171845276,0,1.0
111,,High,,0.7951807228915664,0,
9,,High,0.32749516109792093,0.9183832102603965,0,0.1732673267326732
76,,Low,0.14732614669203126,0.49108715564010424,0,0.0
16,,Low,0.16888607059818223,0.5629535686606074,0,0.0
12,,Medium,0.27078273729535823,0.684787342139643,0,0.2178217821782178
135,,Low,0.12877858740350623,0.42926195801168743,0,0.0
123,,High,,0.8895008605851981,0,
95,,High,,0.0,0,
155,,Low,0.12180081271832893,0.4060027090610965,0,0.0
152,,High,,0.07740263379097787,0,
59,,High,,0.39156626506024095,0,
57,,Low,0.19021632255191018,0.6241534184073574,0,0.0099009900990099
153,,Low,0.18328997809419498,0.6109665936473166,0,0.0
150,,High,,0.1325301204819277,0,
112,,High,,0.2917123037604965,0,
87,,Medium,0.26459970486015705,0.644375253824286,0,0.2376237623762376
51,,Low,0.17324174426442504,0.5675714907824069,0,0.0099009900990099
23,,High,,0.05721208857777469,0,
8,,Low,0.1692518577303225,0.5641728591010751,0,0.0
131,,High,,0.4430079870041966,0,
120,,Medium,0.2664534496352956,0.7743167793123715,0,0.1138613861386138
114,,Low,0.16995109149469162,0.5120481927710844,0,0.0544554455445544
107,,Low,0.1171721991476256,0.24205914567360348,0,0.1485148514851485
6,,High,,0.04119927987813316,0,
140,,Low,0.13012048192771086,0.4337349397590362,0,0.0
129,,High,,0.602044541803578,0,
68,,Low,0.1795091818797701,0.4250966128665606,0,0.1732673267326732
66,,High,,0.7522683325896179,0,
18,,Low,0.06889375684556406,0.2296458561518802,0,0.0
151,,High,,0.6506024096385543,0,
146,,High,0.2884954451954158,0.9616514839847194,0,0.0
145,,High,0.47397300043547685,0.5799100014515897,0,1.0
136,,High,,0.5999144507022173,0,
110,,High,,0.04965315808689295,0,
101,,Low,0.06144578313253013,0.20481927710843378,0,0.0
72,,High,,0.22899049614607503,0,
15,,High,,0.3661920408908361,0,
156,,High,,0.9414053730449752,0,
144,,Low,0.020861222668451574,0.06953740889483859,0,0.0
117,,Low,0.0036144578313252887,0.012048192771084296,0,0.0
69,,High,,1.0,0,
65,,Medium,0.24793912492073558,0.8264637497357853,0,0.0
11,,Medium,0.2372273905749581,0.7907579685831937,0,0.0
130,,High,,0.8607435878483259,0,
90,,High,,0.5057266101442808,0,
84,,Low,0.13654618473895583,0.4551539491298528,0,0.0
28,,High,,0.8329317269076306,0,
24,,Medium,0.25952256229888504,0.8650752076629501,0,0.0
105,,High,,0.9453197405004637,0,
104,,High,,0.33923192771084343,0,
91,,High,,0.7555833088451367,0,
77,,High,0.3257385229316294,0.7986663635674777,0,0.2871287128712871
56,,Low,0.062221161875223634,0.03413654618473892,0,0.1732673267326732
29,,Low,0.08924229772374825,0.14895947426067904,0,0.1485148514851485
149,,Medium,0.20392945544554458,0.5312500000000001,0,0.1485148514851485
128,,High,,0.7161981258366801,0,
127,,Medium,0.2285483397002645,0.7618277990008817,0,0.0
125,,Low,0.14884382249494876,0.49614607498316254,0,0.0
121,,High,,0.40577403955444424,0,
118,,Low,0.03413654618473896,0.1137884872824632,0,0.0
115,,Medium,0.2161981258366801,0.7206604194556003,0,0.0
109,,High,,0.7350875896222929,0,
88,,High,,0.9403652345229978,0,
85,,Low,0.07104668674698797,0.23682228915662656,0,0.0
80,,Low,0.1074358784832582,0.358119594944194,0,0.0
79,,Medium,0.2078708257277194,0.40577403955444424,0,0.2871287128712871
43,,High,,0.04624951418577532,0,
96,,High,,0.056545199201714774,0,
4,,High,,0.48612170199786486,0,
137,,High,,0.01288171554141087,0,
