vessel_id,operational_risk_category_pct,operational_risk_score_final,maintenance_risk_score_norm,predicted_high_traffic,weather_risk_score_norm,vessel_label,anomaly_flag,anomaly_score,combined_risk_score,combined_risk_alert
44,High,0.7169695950265912,0.9872583860622346,1,0.0693069306930693,Vessel 44,1,0.14910768763270266,0.7534328209626026,Critical
33,High,0.6155409157107095,0.5452023923030251,1,0.1732673267326732,Vessel 33,1,0.1240682002275516,0.6213223661795841,Critical
103,High,0.3415662650602409,0.1385542168674698,0,1.0,Vessel 103,1,0.0451254313185987,0.30987951807228914,Warning
158,High,0.4940393151553582,0.6467977171845276,0,1.0,Vessel 158,1,0.02224451217052137,0.4928471781864299,Warning
36,High,0.413360101070348,0.442223439211391,0,0.9356435643564356,Vessel 36,1,0.006278360758856905,0.402467764848774,Warning
145,High,0.4739730004354768,0.5799100014515897,0,1.0,Vessel 145,0,-0.003380655793230658,0.46876760052257227,Warning
82,High,0.4437475217535889,0.5435148414888606,0,0.9356435643564356,Vessel 82,0,-0.017105241928892956,0.4389326696686631,Warning
86,Medium,0.1985411379316995,0.1717047832046749,0,0.4900990099009901,Vessel 86,0,-0.05308909119089866,0.18923946452794038,Normal
2,High,0.3720069528467477,0.6261617900172118,0,0.6138613861386139,Vessel 2,0,-0.06258140663821377,0.38502220480223587,Warning
56,Low,0.0622211618752236,0.0341365461847389,0,0.1732673267326732,Vessel 56,0,-0.06442611884962668,0.05733866157700103,Normal
117,Low,0.0036144578313252,0.0120481927710842,0,0.0,Vessel 117,0,-0.06894040697429493,0.0043373493975903,Normal
133,High,0.3709053027009868,0.6769450684092303,0,0.5594059405940593,Vessel 133,0,-0.07055498465022714,0.38914576918177834,Warning
52,Medium,0.2467566886263529,0.3027203152231567,0,0.5198019801980198,Vessel 52,0,-0.0767805158322955,0.24412782833182156,Normal
147,Low,0.0193846041230628,0.0349123767798465,0,0.0297029702970297,Vessel 147,0,-0.0838751998876277,0.020291227917972453,Normal
93,High,0.2997846731783654,0.989381253828875,0,0.0099009900990099,Vessel 93,0,-0.08672208770177192,0.35875150880413753,Warning
34,High,0.3474222535422983,0.935301901246605,0,0.2227722772277227,Vessel 34,0,-0.09749784559746844,0.3946294765279857,Warning
92,Low,0.038428599692176,0.0686893917131942,0,0.0594059405940594,Vessel 92,0,-0.11956318678720024,0.04017372557120534,Normal
126,Low,0.0527093272698071,0.0915393417244396,0,0.0841584158415841,Vessel 126,0,-0.12028668828953415,0.05483535113961012,Normal
146,High,0.2884954451954158,0.9616514839847194,0,0.0,Vessel 146,0,-0.12084952736490928,0.346194534234499,Warning
9,High,0.3274951610979209,0.9183832102603964,0,0.1732673267326732,Vessel 9,0,-0.1381906772169343,0.3756674606442377,Warning
47,Low,0.0912538768937134,0.1408132530120482,0,0.1633663366336633,Vessel 47,0,-0.14475300998265062,0.09316801860908981,Normal
134,Low,0.1018714225925349,0.2603634878497039,0,0.0792079207920792,Vessel 134,0,-0.14631284605514078,0.11432491503183399,Normal
77,High,0.3257385229316294,0.7986663635674777,0,0.2871287128712871,Vessel 77,0,-0.15115220314998495,0.3621733562308266,Warning
49,High,0.3013062149588453,0.8855421686746989,0,0.1188118811881188,Vessel 49,0,-0.15250836348306562,0.3496862698318025,Warning
29,Low,0.0892422977237482,0.148959474260679,0,0.1485148514851485,Vessel 29,0,-0.15338556492348504,0.09223927211998303,Normal
98,Medium,0.2767480498310992,0.9175430043874924,0,0.0049504950495049,Vessel 98,0,-0.1551190389082731,0.33160261029236854,Warning
62,Low,0.1736731093853815,0.2917816517466514,0,0.2871287128712871,Vessel 62,0,-0.15784232896958073,0.1796948599753291,Normal
107,Low,0.1171721991476256,0.2420591456736034,0,0.1485148514851485,Vessel 107,0,-0.16148495304996502,0.12575515382863584,Normal
5,Medium,0.2725137839493568,0.9083792798311894,0,0.0,Vessel 5,0,-0.16574574244576185,0.3270165407392282,Warning
19,Medium,0.2005766753743196,0.3567077297955868,0,0.3118811881188119,Vessel 19,0,-0.16733139853171408,0.20950389163730232,Normal
79,Medium,0.2078708257277194,0.4057740395544442,0,0.2871287128712871,Vessel 79,0,-0.16992965123826576,0.22073211958613456,Normal
157,Medium,0.2776840223351626,0.8414549919422916,0,0.0841584158415841,Vessel 157,0,-0.17609827832563396,0.32480498521803675,Warning
97,Low,0.022564835613641,0.0752161187121366,0,0.0,Vessel 97,0,-0.17612417160356142,0.02707780273636918,Normal
3,Low,0.170445935328888,0.3354798504362277,0,0.2326732673267326,Vessel 3,0,-0.17677853807712707,0.18126779566199244,Normal
39,Low,0.0291673021198718,0.0972243403995729,0,0.0,Vessel 39,0,-0.17679883165786775,0.03500076254384623,Normal
46,High,0.3136565808043799,0.7979971835393523,0,0.2475247524752475,Vessel 46,0,-0.17698701362358737,0.3516354217177312,Warning
144,Low,0.0208612226684515,0.0695374088948385,0,0.0,Vessel 144,0,-0.17752335084807208,0.02503346720214185,Normal
40,Low,0.0215599239061509,0.071866413020503,0,0.0,Vessel 40,0,-0.17952899219775975,0.02587190868738108,Normal
99,High,0.2921021327413754,0.6865450629332975,0,0.2871287128712871,Vessel 99,0,-0.18032682485217844,0.32180968800252174,Warning
27,Low,0.1926213630399184,0.3549424972617744,0,0.2871287128712871,Vessel 27,0,-0.18148762343450858,0.20243276436077343,Normal
148,High,0.3022509439247701,0.8342358196832274,0,0.1732673267326732,Vessel 148,0,-0.18168156300495703,0.3453744000364568,Warning
85,Low,0.0710466867469879,0.2368222891566265,0,0.0,Vessel 85,0,-0.1823847621267184,0.08525602409638554,Normal
35,Low,0.1567749356691262,0.3394148020654045,0,0.1831683168316831,Vessel 35,0,-0.18352988825293282,0.1698130911197832,Normal
118,Low,0.0341365461847389,0.1137884872824632,0,0.0,Vessel 118,0,-0.18430727148769677,0.040963855421686735,Normal
142,Medium,0.2711946273891815,0.6168533784259848,0,0.2871287128712871,Vessel 142,0,-0.18531156957660616,0.2967206815798891,Normal
20,Low,0.0399224014702879,0.1330746715676264,0,0.0,Vessel 20,0,-0.18546067304867825,0.047906881764345495,Normal
18,Low,0.068893756845564,0.2296458561518802,0,0.0,Vessel 18,0,-0.1856222801236585,0.08267250821467687,Normal
101,Low,0.0614457831325301,0.2048192771084337,0,0.0,Vessel 101,0,-0.18574112172797724,0.07373493975903612,Normal
75,Low,0.0512048192771084,0.1706827309236947,0,0.0,Vessel 75,0,-0.1874862085562905,0.06144578313253009,Normal
114,Low,0.1699510914946916,0.5120481927710844,0,0.0544554455445544,Vessel 114,0,-0.18990657308581632,0.1984957652391745,Normal
89,Low,0.1573786335137496,0.3760805935606834,0,0.1485148514851485,Vessel 89,0,-0.1905468664996438,0.17400287506798465,Normal
68,Low,0.1795091818797701,0.4250966128665606,0,0.1732673267326732,Vessel 68,0,-0.19138482193678802,0.19808428558245683,Normal
24,Medium,0.259522562298885,0.8650752076629501,0,0.0,Vessel 24,0,-0.1928649264334631,0.31142707475866205,Warning
50,High,0.2923436952704556,0.7566572020566342,0,0.2178217821782178,Vessel 50,0,-0.19417180084777202,0.3290302561067249,Warning
45,Medium,0.253284424828025,0.7898259705488623,0,0.0544554455445544,Vessel 45,0,-0.19456607934976694,0.29849576523917454,Normal
120,Medium,0.2664534496352956,0.7743167793123715,0,0.1138613861386138,Vessel 120,0,-0.19509347596468424,0.3083580009484933,Warning
87,Medium,0.264599704860157,0.644375253824286,0,0.2376237623762376,Vessel 87,0,-0.19916385686909482,0.2937572695945647,Normal
31,Medium,0.2155298375172345,0.7085318016251052,0,0.0099009900990099,Vessel 31,0,-0.20147630516204929,0.25764570601078046,Normal
7,Medium,0.235235766261652,0.5910499139414803,0,0.193069306930693,Vessel 7,0,-0.20197586217929459,0.2629759888209131,Normal
21,Medium,0.2308029760604326,0.7594422634357657,0,0.0099009900990099,Vessel 21,0,-0.20320937208195955,0.2759734722626182,Normal
55,Medium,0.2441202579863278,0.6157143913075616,0,0.198019801980198,Vessel 55,0,-0.20342308855695723,0.27314232938557365,Normal
106,Medium,0.2669079033148481,0.6966237041188009,0,0.193069306930693,Vessel 106,0,-0.20622561606184553,0.3009825532847485,Warning
12,Medium,0.2707827372953582,0.684787342139643,0,0.2178217821782178,Vessel 12,0,-0.2063275819513103,0.3031571065366081,Warning
41,Medium,0.2221434240366721,0.5919632286370918,0,0.1485148514851485,Vessel 41,0,-0.20821972355734997,0.25172062369549164,Normal
0,Medium,0.2517056176513282,0.8390187255044275,0,0.0,Vessel 0,0,-0.2084790943522306,0.30204674118159386,Warning
80,Low,0.1074358784832582,0.358119594944194,0,0.0,Vessel 80,0,-0.20894940038834725,0.12892305417990985,Normal
122,Medium,0.2420071346839873,0.8066904489466246,0,0.0,Vessel 122,0,-0.20932133088702815,0.2904085616207848,Normal
51,Low,0.173241744264425,0.5675714907824069,0,0.0099009900990099,Vessel 51,0,-0.2110811651379112,0.20689999410740906,Normal
65,Medium,0.2479391249207355,0.8264637497357853,0,0.0,Vessel 65,0,-0.2120960969305098,0.2975269499048827,Normal
70,Medium,0.202459819920203,0.5263512149155282,0,0.1485148514851485,Vessel 70,0,-0.2136270464757164,0.22810029875572874,Normal
11,Medium,0.2372273905749581,0.7907579685831937,0,0.0,Vessel 11,0,-0.21383150321807753,0.28467286868994973,Normal
149,Medium,0.2039294554455445,0.5312500000000001,0,0.1485148514851485,Vessel 149,0,-0.21395662797486875,0.22986386138613862,Normal
57,Low,0.1902163225519101,0.6241534184073574,0,0.0099009900990099,Vessel 57,0,-0.2143442613746676,0.22726948805239122,Normal
102,Low,0.1134652245345016,0.3782174151150055,0,0.0,Vessel 102,0,-0.21477966066020493,0.13615826944140197,Normal
116,Medium,0.2066812705366922,0.6889375684556408,0,0.0,Vessel 116,0,-0.2189907413352447,0.24801752464403068,Normal
115,Medium,0.2161981258366801,0.7206604194556003,0,0.0,Vessel 115,0,-0.2195009755301699,0.2594377510040161,Normal
127,Medium,0.2285483397002645,0.7618277990008817,0,0.0,Vessel 127,0,-0.22139587532264837,0.2742580076403174,Normal
155,Low,0.1218008127183289,0.4060027090610965,0,0.0,Vessel 155,0,-0.2246143280393455,0.14616097526199473,Normal
13,Low,0.1203762418093426,0.4012541393644754,0,0.0,Vessel 13,0,-0.2246571831528077,0.14445149017121114,Normal
140,Low,0.1301204819277108,0.4337349397590362,0,0.0,Vessel 140,0,-0.22825705781180405,0.156144578313253,Normal
84,Low,0.1365461847389558,0.4551539491298528,0,0.0,Vessel 84,0,-0.22847966862810581,0.163855421686747,Normal
53,Low,0.1285140562248996,0.428380187416332,0,0.0,Vessel 53,0,-0.22894938829913608,0.1542168674698795,Normal
125,Low,0.1488438224949487,0.4961460749831625,0,0.0,Vessel 125,0,-0.2294304056750987,0.17861258699393848,Normal
135,Low,0.1287785874035062,0.4292619580116874,0,0.0,Vessel 135,0,-0.22950491027660497,0.15453430488420744,Normal
54,Low,0.144578313253012,0.4819277108433735,0,0.0,Vessel 54,0,-0.22964337314444955,0.17349397590361443,Normal
76,Low,0.1473261466920312,0.4910871556401042,0,0.0,Vessel 76,0,-0.22965250510251084,0.17679137603043749,Normal
154,Low,0.1891974678374515,0.6306582261248385,0,0.0,Vessel 154,0,-0.23449612436374334,0.22703696140494184,Normal
153,Low,0.1832899780941949,0.6109665936473166,0,0.0,Vessel 153,0,-0.2362648402172029,0.21994797371303396,Normal
141,Low,0.188526834611172,0.62842278203724,0,0.0,Vessel 141,0,-0.23772670963347414,0.2262322015334064,Normal
71,Low,0.1787829283234633,0.5959430944115446,0,0.0,Vessel 71,0,-0.2413722313799727,0.21453951398815604,Normal
64,Low,0.1733526283906576,0.5778420946355255,0,0.0,Vessel 64,0,-0.24277225593962615,0.20802315406878918,Normal
61,Low,0.1666326322238105,0.5554421074127017,0,0.0,Vessel 61,0,-0.243243318685617,0.1999591586685726,Normal
16,Low,0.1688860705981822,0.5629535686606074,0,0.0,Vessel 16,0,-0.24580957293440509,0.20266328471781866,Normal
8,Low,0.1692518577303225,0.5641728591010751,0,0.0,Vessel 8,0,-0.24580957293440509,0.203102229276387,Normal
