timestamp,temperature,wind_speed,wind_direction_10m,surface_pressure,precipitation,weather_code,latitude,longitude,timestamp_rounded
2023-10-01 00:00:00,18.1,3.2,90,1021.7,0.0,2,43.55,10.3,2023-10-01 00:00:00
2023-10-01 01:00:00,18.5,4.9,107,1021.7,0.0,2,43.55,10.3,2023-10-01 01:00:00
2023-10-01 02:00:00,17.7,7.0,102,1021.8,0.0,3,43.55,10.3,2023-10-01 02:00:00
2023-10-01 03:00:00,17.2,8.7,95,1021.8,0.0,3,43.55,10.3,2023-10-01 03:00:00
2023-10-01 04:00:00,16.5,10.8,88,1022.0,0.0,3,43.55,10.3,2023-10-01 04:00:00
2023-10-01 05:00:00,15.8,11.5,90,1022.0,0.0,3,43.55,10.3,2023-10-01 05:00:00
2023-10-01 06:00:00,15.8,13.0,84,1022.4,0.0,1,43.55,10.3,2023-10-01 06:00:00
2023-10-01 07:00:00,17.1,13.9,80,1022.8,0.0,0,43.55,10.3,2023-10-01 07:00:00
2023-10-01 08:00:00,20.5,12.3,69,1023.2,0.0,0,43.55,10.3,2023-10-01 08:00:00
2023-10-01 09:00:00,23.8,11.3,63,1023.4,0.0,0,43.55,10.3,2023-10-01 09:00:00
2023-10-01 10:00:00,26.3,8.6,57,1023.4,0.0,0,43.55,10.3,2023-10-01 10:00:00
2023-10-01 11:00:00,27.6,7.0,12,1023.3,0.0,0,43.55,10.3,2023-10-01 11:00:00
2023-10-01 12:00:00,27.5,7.4,337,1023.0,0.0,0,43.55,10.3,2023-10-01 12:00:00
2023-10-01 13:00:00,26.7,12.0,321,1022.7,0.0,0,43.55,10.3,2023-10-01 13:00:00
2023-10-01 14:00:00,26.0,12.3,322,1022.2,0.0,0,43.55,10.3,2023-10-01 14:00:00
2023-10-01 15:00:00,25.2,10.9,326,1022.0,0.0,0,43.55,10.3,2023-10-01 15:00:00
2023-10-01 16:00:00,23.9,9.2,334,1022.1,0.0,0,43.55,10.3,2023-10-01 16:00:00
2023-10-01 17:00:00,22.1,6.1,320,1022.3,0.0,0,43.55,10.3,2023-10-01 17:00:00
2023-10-01 18:00:00,20.4,8.0,306,1022.7,0.0,0,43.55,10.3,2023-10-01 18:00:00
2023-10-01 19:00:00,21.6,4.0,243,1023.1,0.0,0,43.55,10.3,2023-10-01 19:00:00
2023-10-01 20:00:00,21.3,3.9,214,1023.5,0.0,0,43.55,10.3,2023-10-01 20:00:00
2023-10-01 21:00:00,21.5,3.3,77,1023.8,0.0,0,43.55,10.3,2023-10-01 21:00:00
2023-10-01 22:00:00,19.1,3.2,90,1023.9,0.0,0,43.55,10.3,2023-10-01 22:00:00
2023-10-01 23:00:00,17.7,8.3,95,1024.1,0.0,0,43.55,10.3,2023-10-01 23:00:00
2023-10-02 00:00:00,16.8,9.7,86,1024.1,0.0,0,43.55,10.3,2023-10-02 00:00:00
2023-10-02 01:00:00,16.8,9.8,84,1024.0,0.0,0,43.55,10.3,2023-10-02 01:00:00
2023-10-02 02:00:00,16.7,12.7,83,1023.9,0.0,0,43.55,10.3,2023-10-02 02:00:00
2023-10-02 03:00:00,16.8,14.0,90,1023.8,0.0,1,43.55,10.3,2023-10-02 03:00:00
2023-10-02 04:00:00,16.6,13.3,87,1023.9,0.0,0,43.55,10.3,2023-10-02 04:00:00
2023-10-02 05:00:00,16.2,14.1,86,1023.9,0.0,0,43.55,10.3,2023-10-02 05:00:00
2023-10-02 06:00:00,16.6,14.0,91,1024.3,0.0,0,43.55,10.3,2023-10-02 06:00:00
2023-10-02 07:00:00,18.5,14.0,89,1024.4,0.0,0,43.55,10.3,2023-10-02 07:00:00
2023-10-02 08:00:00,21.5,10.9,82,1025.1,0.0,0,43.55,10.3,2023-10-02 08:00:00
2023-10-02 09:00:00,24.6,8.4,80,1025.0,0.0,0,43.55,10.3,2023-10-02 09:00:00
2023-10-02 10:00:00,26.9,5.1,86,1024.9,0.0,0,43.55,10.3,2023-10-02 10:00:00
2023-10-02 11:00:00,27.7,2.2,270,1024.4,0.0,0,43.55,10.3,2023-10-02 11:00:00
2023-10-02 12:00:00,27.7,6.2,277,1024.2,0.0,0,43.55,10.3,2023-10-02 12:00:00
2023-10-02 13:00:00,27.2,10.8,285,1023.7,0.0,0,43.55,10.3,2023-10-02 13:00:00
2023-10-02 14:00:00,26.5,11.4,294,1023.3,0.0,0,43.55,10.3,2023-10-02 14:00:00
2023-10-02 15:00:00,25.8,9.1,304,1023.0,0.0,0,43.55,10.3,2023-10-02 15:00:00
2023-10-02 16:00:00,24.6,7.5,305,1022.9,0.0,0,43.55,10.3,2023-10-02 16:00:00
2023-10-02 17:00:00,22.0,5.0,300,1023.0,0.0,0,43.55,10.3,2023-10-02 17:00:00
2023-10-02 18:00:00,20.8,5.9,256,1023.5,0.0,0,43.55,10.3,2023-10-02 18:00:00
2023-10-02 19:00:00,20.9,4.9,216,1023.7,0.0,0,43.55,10.3,2023-10-02 19:00:00
2023-10-02 20:00:00,20.2,5.4,217,1024.1,0.0,0,43.55,10.3,2023-10-02 20:00:00
2023-10-02 21:00:00,19.2,6.7,196,1024.1,0.0,2,43.55,10.3,2023-10-02 21:00:00
2023-10-02 22:00:00,18.7,4.8,167,1024.1,0.0,1,43.55,10.3,2023-10-02 22:00:00
2023-10-02 23:00:00,18.1,5.8,158,1024.1,0.0,3,43.55,10.3,2023-10-02 23:00:00
2023-10-03 00:00:00,17.3,4.3,138,1024.0,0.0,3,43.55,10.3,2023-10-03 00:00:00
2023-10-03 01:00:00,17.4,4.6,141,1023.8,0.0,3,43.55,10.3,2023-10-03 01:00:00
2023-10-03 02:00:00,17.9,3.7,119,1023.4,0.0,3,43.55,10.3,2023-10-03 02:00:00
2023-10-03 03:00:00,16.5,4.7,90,1023.1,0.0,3,43.55,10.3,2023-10-03 03:00:00
2023-10-03 04:00:00,16.7,3.6,90,1023.1,0.0,3,43.55,10.3,2023-10-03 04:00:00
2023-10-03 05:00:00,16.4,4.0,95,1023.1,0.0,3,43.55,10.3,2023-10-03 05:00:00
2023-10-03 06:00:00,16.6,6.5,96,1023.1,0.0,3,43.55,10.3,2023-10-03 06:00:00
2023-10-03 07:00:00,18.1,6.5,96,1023.3,0.0,3,43.55,10.3,2023-10-03 07:00:00
2023-10-03 08:00:00,20.7,5.6,105,1023.6,0.0,2,43.55,10.3,2023-10-03 08:00:00
2023-10-03 09:00:00,22.6,2.9,180,1023.8,0.0,3,43.55,10.3,2023-10-03 09:00:00
2023-10-03 10:00:00,23.7,6.7,234,1023.9,0.0,3,43.55,10.3,2023-10-03 10:00:00
2023-10-03 11:00:00,24.1,8.4,239,1023.6,0.0,3,43.55,10.3,2023-10-03 11:00:00
2023-10-03 12:00:00,23.6,9.9,237,1023.3,0.0,3,43.55,10.3,2023-10-03 12:00:00
2023-10-03 13:00:00,23.7,9.7,239,1022.9,0.0,3,43.55,10.3,2023-10-03 13:00:00
2023-10-03 14:00:00,23.5,8.2,241,1022.7,0.0,3,43.55,10.3,2023-10-03 14:00:00
2023-10-03 15:00:00,23.1,7.6,245,1022.5,0.0,3,43.55,10.3,2023-10-03 15:00:00
2023-10-03 16:00:00,22.5,6.8,245,1022.3,0.0,2,43.55,10.3,2023-10-03 16:00:00
2023-10-03 17:00:00,21.3,5.8,248,1022.4,0.0,3,43.55,10.3,2023-10-03 17:00:00
2023-10-03 18:00:00,20.7,5.2,258,1022.6,0.0,2,43.55,10.3,2023-10-03 18:00:00
2023-10-03 19:00:00,19.6,6.3,246,1022.7,0.0,3,43.55,10.3,2023-10-03 19:00:00
2023-10-03 20:00:00,19.5,4.9,197,1022.8,0.0,3,43.55,10.3,2023-10-03 20:00:00
2023-10-03 21:00:00,18.5,4.3,156,1023.0,0.0,0,43.55,10.3,2023-10-03 21:00:00
2023-10-03 22:00:00,18.2,3.3,139,1022.9,0.0,0,43.55,10.3,2023-10-03 22:00:00
2023-10-03 23:00:00,17.4,2.5,135,1022.9,0.0,3,43.55,10.3,2023-10-03 23:00:00
2023-10-04 00:00:00,17.8,6.3,193,1022.7,0.0,3,43.55,10.3,2023-10-04 00:00:00
2023-10-04 01:00:00,18.6,2.8,130,1022.4,0.0,3,43.55,10.3,2023-10-04 01:00:00
2023-10-04 02:00:00,18.4,6.5,93,1022.1,0.0,3,43.55,10.3,2023-10-04 02:00:00
2023-10-04 03:00:00,17.9,10.4,90,1021.8,0.0,2,43.55,10.3,2023-10-04 03:00:00
2023-10-04 04:00:00,17.3,12.6,88,1021.8,0.0,1,43.55,10.3,2023-10-04 04:00:00
2023-10-04 05:00:00,17.1,13.0,87,1021.9,0.0,2,43.55,10.3,2023-10-04 05:00:00
2023-10-04 06:00:00,17.4,13.1,82,1022.2,0.0,3,43.55,10.3,2023-10-04 06:00:00
2023-10-04 07:00:00,18.7,11.5,76,1022.8,0.0,3,43.55,10.3,2023-10-04 07:00:00
2023-10-04 08:00:00,20.3,9.6,77,1023.2,0.0,3,43.55,10.3,2023-10-04 08:00:00
2023-10-04 09:00:00,22.1,7.8,77,1023.3,0.0,3,43.55,10.3,2023-10-04 09:00:00
2023-10-04 10:00:00,23.8,4.8,63,1023.2,0.0,3,43.55,10.3,2023-10-04 10:00:00
2023-10-04 11:00:00,24.8,4.7,356,1022.8,0.0,1,43.55,10.3,2023-10-04 11:00:00
2023-10-04 12:00:00,25.3,9.9,314,1022.6,0.0,0,43.55,10.3,2023-10-04 12:00:00
2023-10-04 13:00:00,25.2,12.6,329,1022.2,0.0,0,43.55,10.3,2023-10-04 13:00:00
2023-10-04 14:00:00,24.7,15.2,329,1021.9,0.0,0,43.55,10.3,2023-10-04 14:00:00
2023-10-04 15:00:00,23.9,12.8,328,1021.8,0.0,0,43.55,10.3,2023-10-04 15:00:00
2023-10-04 16:00:00,23.0,10.2,328,1021.7,0.0,0,43.55,10.3,2023-10-04 16:00:00
2023-10-04 17:00:00,21.6,9.5,331,1022.0,0.0,3,43.55,10.3,2023-10-04 17:00:00
2023-10-04 18:00:00,21.2,10.2,328,1022.0,0.0,3,43.55,10.3,2023-10-04 18:00:00
2023-10-04 19:00:00,21.1,7.4,321,1022.1,0.0,2,43.55,10.3,2023-10-04 19:00:00
2023-10-04 20:00:00,20.5,4.9,324,1022.4,0.0,2,43.55,10.3,2023-10-04 20:00:00
2023-10-04 21:00:00,19.9,6.0,17,1022.5,0.0,3,43.55,10.3,2023-10-04 21:00:00
2023-10-04 22:00:00,19.2,3.5,66,1022.6,0.0,1,43.55,10.3,2023-10-04 22:00:00
2023-10-04 23:00:00,18.8,5.4,86,1022.6,0.0,1,43.55,10.3,2023-10-04 23:00:00
2023-10-05 00:00:00,19.0,7.6,93,1022.6,0.0,0,43.55,10.3,2023-10-05 00:00:00
2023-10-05 01:00:00,18.9,9.4,94,1022.5,0.0,1,43.55,10.3,2023-10-05 01:00:00
2023-10-05 02:00:00,18.8,11.6,83,1022.2,0.0,0,43.55,10.3,2023-10-05 02:00:00
2023-10-05 03:00:00,18.6,12.3,85,1022.1,0.0,0,43.55,10.3,2023-10-05 03:00:00
2023-10-05 04:00:00,18.2,11.7,79,1022.5,0.0,2,43.55,10.3,2023-10-05 04:00:00
2023-10-05 05:00:00,17.8,12.1,78,1022.7,0.0,2,43.55,10.3,2023-10-05 05:00:00
2023-10-05 06:00:00,18.0,12.7,82,1022.9,0.0,1,43.55,10.3,2023-10-05 06:00:00
2023-10-05 07:00:00,19.8,11.5,76,1023.3,0.0,0,43.55,10.3,2023-10-05 07:00:00
2023-10-05 08:00:00,21.9,11.0,71,1023.7,0.0,0,43.55,10.3,2023-10-05 08:00:00
2023-10-05 09:00:00,23.9,9.2,64,1024.0,0.0,0,43.55,10.3,2023-10-05 09:00:00
2023-10-05 10:00:00,25.2,5.9,43,1023.9,0.0,3,43.55,10.3,2023-10-05 10:00:00
2023-10-05 11:00:00,26.0,5.9,346,1023.5,0.0,3,43.55,10.3,2023-10-05 11:00:00
2023-10-05 12:00:00,25.9,11.9,305,1023.1,0.0,3,43.55,10.3,2023-10-05 12:00:00
2023-10-05 13:00:00,25.2,13.6,310,1022.8,0.0,3,43.55,10.3,2023-10-05 13:00:00
2023-10-05 14:00:00,24.8,11.8,308,1022.3,0.0,0,43.55,10.3,2023-10-05 14:00:00
2023-10-05 15:00:00,24.1,11.5,316,1022.1,0.0,1,43.55,10.3,2023-10-05 15:00:00
2023-10-05 16:00:00,23.1,9.5,323,1022.0,0.0,2,43.55,10.3,2023-10-05 16:00:00
2023-10-05 17:00:00,21.8,7.9,321,1022.2,0.0,3,43.55,10.3,2023-10-05 17:00:00
2023-10-05 18:00:00,21.2,7.7,319,1022.6,0.0,3,43.55,10.3,2023-10-05 18:00:00
2023-10-05 19:00:00,21.0,7.1,315,1022.6,0.0,1,43.55,10.3,2023-10-05 19:00:00
2023-10-05 20:00:00,20.9,6.6,311,1022.8,0.0,2,43.55,10.3,2023-10-05 20:00:00
2023-10-05 21:00:00,20.8,7.3,303,1023.0,0.0,2,43.55,10.3,2023-10-05 21:00:00
2023-10-05 22:00:00,20.7,6.8,288,1023.2,0.0,3,43.55,10.3,2023-10-05 22:00:00
2023-10-05 23:00:00,20.7,7.4,284,1023.2,0.0,3,43.55,10.3,2023-10-05 23:00:00
2023-10-06 00:00:00,20.8,9.2,301,1023.4,0.0,3,43.55,10.3,2023-10-06 00:00:00
2023-10-06 01:00:00,20.7,7.2,307,1023.1,0.0,3,43.55,10.3,2023-10-06 01:00:00
2023-10-06 02:00:00,20.3,7.2,333,1023.2,0.0,3,43.55,10.3,2023-10-06 02:00:00
2023-10-06 03:00:00,19.7,4.3,360,1023.1,0.0,3,43.55,10.3,2023-10-06 03:00:00
2023-10-06 04:00:00,19.1,3.1,45,1023.1,0.0,3,43.55,10.3,2023-10-06 04:00:00
2023-10-06 05:00:00,18.7,4.0,80,1023.4,0.0,3,43.55,10.3,2023-10-06 05:00:00
2023-10-06 06:00:00,18.5,6.1,93,1023.7,0.0,3,43.55,10.3,2023-10-06 06:00:00
2023-10-06 07:00:00,19.2,6.8,90,1024.2,0.0,3,43.55,10.3,2023-10-06 07:00:00
2023-10-06 08:00:00,21.2,4.9,73,1024.7,0.0,3,43.55,10.3,2023-10-06 08:00:00
2023-10-06 09:00:00,22.8,4.3,42,1024.8,0.0,2,43.55,10.3,2023-10-06 09:00:00
2023-10-06 10:00:00,24.0,3.9,338,1024.8,0.0,1,43.55,10.3,2023-10-06 10:00:00
2023-10-06 11:00:00,24.8,6.8,302,1024.6,0.0,1,43.55,10.3,2023-10-06 11:00:00
2023-10-06 12:00:00,24.6,11.6,296,1023.9,0.0,0,43.55,10.3,2023-10-06 12:00:00
2023-10-06 13:00:00,24.2,14.8,299,1023.6,0.0,0,43.55,10.3,2023-10-06 13:00:00
2023-10-06 14:00:00,23.7,13.2,313,1023.3,0.0,0,43.55,10.3,2023-10-06 14:00:00
2023-10-06 15:00:00,23.5,13.1,307,1023.1,0.0,1,43.55,10.3,2023-10-06 15:00:00
2023-10-06 16:00:00,22.6,14.0,312,1023.0,0.0,2,43.55,10.3,2023-10-06 16:00:00
2023-10-06 17:00:00,21.5,12.5,321,1023.2,0.0,0,43.55,10.3,2023-10-06 17:00:00
2023-10-06 18:00:00,21.3,12.3,320,1023.4,0.0,2,43.55,10.3,2023-10-06 18:00:00
2023-10-06 19:00:00,21.1,7.3,327,1023.5,0.0,3,43.55,10.3,2023-10-06 19:00:00
2023-10-06 20:00:00,20.1,6.8,328,1023.9,0.0,0,43.55,10.3,2023-10-06 20:00:00
2023-10-06 21:00:00,19.7,7.4,299,1024.1,0.0,0,43.55,10.3,2023-10-06 21:00:00
2023-10-06 22:00:00,20.2,6.0,335,1024.2,0.0,0,43.55,10.3,2023-10-06 22:00:00
2023-10-06 23:00:00,19.0,3.3,77,1024.1,0.0,1,43.55,10.3,2023-10-06 23:00:00
2023-10-07 00:00:00,18.7,2.3,129,1024.0,0.0,2,43.55,10.3,2023-10-07 00:00:00
2023-10-07 01:00:00,18.6,1.9,112,1023.6,0.0,2,43.55,10.3,2023-10-07 01:00:00
2023-10-07 02:00:00,18.1,5.1,94,1023.4,0.0,3,43.55,10.3,2023-10-07 02:00:00
2023-10-07 03:00:00,17.5,8.0,95,1023.3,0.0,3,43.55,10.3,2023-10-07 03:00:00
2023-10-07 04:00:00,17.2,9.7,86,1023.3,0.0,3,43.55,10.3,2023-10-07 04:00:00
2023-10-07 05:00:00,16.5,10.5,84,1023.2,0.0,3,43.55,10.3,2023-10-07 05:00:00
2023-10-07 06:00:00,16.3,11.9,87,1023.5,0.0,3,43.55,10.3,2023-10-07 06:00:00
2023-10-07 07:00:00,17.5,11.3,81,1023.8,0.0,0,43.55,10.3,2023-10-07 07:00:00
2023-10-07 08:00:00,20.4,10.0,77,1024.2,0.0,0,43.55,10.3,2023-10-07 08:00:00
2023-10-07 09:00:00,23.3,8.2,67,1024.3,0.0,0,43.55,10.3,2023-10-07 09:00:00
2023-10-07 10:00:00,25.0,5.1,8,1024.5,0.0,0,43.55,10.3,2023-10-07 10:00:00
2023-10-07 11:00:00,25.4,7.6,315,1024.0,0.0,0,43.55,10.3,2023-10-07 11:00:00
2023-10-07 12:00:00,24.7,10.9,279,1023.7,0.0,0,43.55,10.3,2023-10-07 12:00:00
2023-10-07 13:00:00,24.5,12.0,279,1023.3,0.0,0,43.55,10.3,2023-10-07 13:00:00
2023-10-07 14:00:00,23.9,12.4,278,1022.9,0.0,0,43.55,10.3,2023-10-07 14:00:00
2023-10-07 15:00:00,23.2,10.9,278,1022.8,0.0,0,43.55,10.3,2023-10-07 15:00:00
2023-10-07 16:00:00,22.4,8.8,279,1022.7,0.0,0,43.55,10.3,2023-10-07 16:00:00
2023-10-07 17:00:00,21.3,7.9,300,1023.3,0.0,0,43.55,10.3,2023-10-07 17:00:00
2023-10-07 18:00:00,20.9,7.4,313,1023.7,0.0,0,43.55,10.3,2023-10-07 18:00:00
2023-10-07 19:00:00,20.7,6.6,311,1023.8,0.0,0,43.55,10.3,2023-10-07 19:00:00
2023-10-07 20:00:00,20.6,7.0,305,1023.9,0.0,0,43.55,10.3,2023-10-07 20:00:00
2023-10-07 21:00:00,20.4,7.2,307,1024.2,0.0,0,43.55,10.3,2023-10-07 21:00:00
2023-10-07 22:00:00,20.3,5.8,300,1024.1,0.0,0,43.55,10.3,2023-10-07 22:00:00
2023-10-07 23:00:00,19.6,7.2,323,1024.0,0.0,0,43.55,10.3,2023-10-07 23:00:00
2023-10-08 00:00:00,19.7,2.2,81,1023.9,0.0,0,43.55,10.3,2023-10-08 00:00:00
2023-10-08 01:00:00,18.2,3.8,73,1023.8,0.0,1,43.55,10.3,2023-10-08 01:00:00
2023-10-08 02:00:00,18.0,6.3,77,1023.6,0.0,2,43.55,10.3,2023-10-08 02:00:00
2023-10-08 03:00:00,17.7,6.4,74,1023.5,0.0,3,43.55,10.3,2023-10-08 03:00:00
2023-10-08 04:00:00,17.7,7.0,78,1023.7,0.0,3,43.55,10.3,2023-10-08 04:00:00
2023-10-08 05:00:00,17.6,6.5,93,1023.8,0.0,3,43.55,10.3,2023-10-08 05:00:00
2023-10-08 06:00:00,17.7,6.3,77,1024.0,0.0,3,43.55,10.3,2023-10-08 06:00:00
2023-10-08 07:00:00,17.8,6.6,77,1024.4,0.0,3,43.55,10.3,2023-10-08 07:00:00
2023-10-08 08:00:00,19.2,6.9,62,1024.8,0.0,1,43.55,10.3,2023-10-08 08:00:00
2023-10-08 09:00:00,21.5,4.3,48,1024.8,0.0,0,43.55,10.3,2023-10-08 09:00:00
2023-10-08 10:00:00,23.0,2.9,330,1024.5,0.0,0,43.55,10.3,2023-10-08 10:00:00
2023-10-08 11:00:00,24.1,6.4,286,1024.2,0.0,0,43.55,10.3,2023-10-08 11:00:00
2023-10-08 12:00:00,23.5,9.4,277,1023.9,0.0,0,43.55,10.3,2023-10-08 12:00:00
2023-10-08 13:00:00,23.8,11.1,283,1023.3,0.0,0,43.55,10.3,2023-10-08 13:00:00
2023-10-08 14:00:00,23.6,11.3,297,1022.9,0.0,1,43.55,10.3,2023-10-08 14:00:00
2023-10-08 15:00:00,23.0,10.7,310,1023.0,0.0,1,43.55,10.3,2023-10-08 15:00:00
2023-10-08 16:00:00,22.2,7.8,304,1023.0,0.0,0,43.55,10.3,2023-10-08 16:00:00
2023-10-08 17:00:00,21.2,5.5,293,1023.4,0.0,0,43.55,10.3,2023-10-08 17:00:00
2023-10-08 18:00:00,20.9,5.7,288,1023.8,0.0,0,43.55,10.3,2023-10-08 18:00:00
2023-10-08 19:00:00,20.7,5.8,300,1023.9,0.0,1,43.55,10.3,2023-10-08 19:00:00
2023-10-08 20:00:00,20.2,5.2,304,1024.2,0.0,1,43.55,10.3,2023-10-08 20:00:00
2023-10-08 21:00:00,19.6,7.7,307,1024.3,0.0,0,43.55,10.3,2023-10-08 21:00:00
2023-10-08 22:00:00,20.9,5.6,320,1024.3,0.0,0,43.55,10.3,2023-10-08 22:00:00
2023-10-08 23:00:00,20.2,1.8,101,1024.3,0.0,0,43.55,10.3,2023-10-08 23:00:00
2023-10-09 00:00:00,19.1,1.0,135,1024.6,0.0,1,43.55,10.3,2023-10-09 00:00:00
2023-10-09 01:00:00,17.9,0.5,135,1024.3,0.0,3,43.55,10.3,2023-10-09 01:00:00
2023-10-09 02:00:00,18.0,1.1,108,1024.0,0.0,3,43.55,10.3,2023-10-09 02:00:00
2023-10-09 03:00:00,18.0,1.8,101,1024.1,0.0,3,43.55,10.3,2023-10-09 03:00:00
2023-10-09 04:00:00,17.8,2.3,108,1024.2,0.0,3,43.55,10.3,2023-10-09 04:00:00
2023-10-09 05:00:00,17.8,3.1,111,1024.0,0.0,3,43.55,10.3,2023-10-09 05:00:00
2023-10-09 06:00:00,18.1,3.8,107,1024.2,0.0,3,43.55,10.3,2023-10-09 06:00:00
2023-10-09 07:00:00,18.9,3.3,103,1024.5,0.0,3,43.55,10.3,2023-10-09 07:00:00
2023-10-09 08:00:00,20.1,1.6,153,1024.7,0.0,3,43.55,10.3,2023-10-09 08:00:00
2023-10-09 09:00:00,22.2,4.4,261,1024.7,0.0,1,43.55,10.3,2023-10-09 09:00:00
2023-10-09 10:00:00,23.5,6.1,273,1024.6,0.0,0,43.55,10.3,2023-10-09 10:00:00
2023-10-09 11:00:00,24.5,8.3,268,1024.2,0.0,0,43.55,10.3,2023-10-09 11:00:00
2023-10-09 12:00:00,23.8,10.5,274,1023.9,0.0,0,43.55,10.3,2023-10-09 12:00:00
2023-10-09 13:00:00,23.8,10.5,274,1023.2,0.0,0,43.55,10.3,2023-10-09 13:00:00
2023-10-09 14:00:00,23.5,10.1,270,1022.7,0.0,0,43.55,10.3,2023-10-09 14:00:00
2023-10-09 15:00:00,22.8,9.8,264,1022.2,0.0,0,43.55,10.3,2023-10-09 15:00:00
2023-10-09 16:00:00,21.9,9.5,259,1022.2,0.0,0,43.55,10.3,2023-10-09 16:00:00
2023-10-09 17:00:00,20.8,8.3,265,1022.5,0.0,1,43.55,10.3,2023-10-09 17:00:00
2023-10-09 18:00:00,20.3,7.9,267,1022.9,0.0,0,43.55,10.3,2023-10-09 18:00:00
2023-10-09 19:00:00,20.0,7.7,259,1022.9,0.0,0,43.55,10.3,2023-10-09 19:00:00
2023-10-09 20:00:00,20.1,6.8,252,1023.0,0.0,0,43.55,10.3,2023-10-09 20:00:00
2023-10-09 21:00:00,20.0,6.0,253,1023.3,0.0,1,43.55,10.3,2023-10-09 21:00:00
2023-10-09 22:00:00,19.8,6.3,257,1023.0,0.0,2,43.55,10.3,2023-10-09 22:00:00
2023-10-09 23:00:00,19.2,5.1,262,1022.8,0.0,0,43.55,10.3,2023-10-09 23:00:00
2023-10-10 00:00:00,19.2,6.1,270,1022.7,0.0,0,43.55,10.3,2023-10-10 00:00:00
2023-10-10 01:00:00,18.8,5.0,291,1022.5,0.0,1,43.55,10.3,2023-10-10 01:00:00
2023-10-10 02:00:00,18.0,7.6,301,1022.3,0.0,1,43.55,10.3,2023-10-10 02:00:00
2023-10-10 03:00:00,19.3,4.3,312,1022.1,0.0,1,43.55,10.3,2023-10-10 03:00:00
2023-10-10 04:00:00,18.3,2.0,135,1022.0,0.0,3,43.55,10.3,2023-10-10 04:00:00
2023-10-10 05:00:00,17.9,4.3,132,1022.1,0.0,3,43.55,10.3,2023-10-10 05:00:00
2023-10-10 06:00:00,18.4,5.6,105,1022.1,0.0,3,43.55,10.3,2023-10-10 06:00:00
2023-10-10 07:00:00,19.0,7.2,87,1022.4,0.0,3,43.55,10.3,2023-10-10 07:00:00
2023-10-10 08:00:00,20.8,5.2,102,1022.7,0.0,2,43.55,10.3,2023-10-10 08:00:00
2023-10-10 09:00:00,22.9,4.8,243,1022.5,0.0,1,43.55,10.3,2023-10-10 09:00:00
2023-10-10 10:00:00,24.0,10.7,258,1022.6,0.0,0,43.55,10.3,2023-10-10 10:00:00
2023-10-10 11:00:00,24.3,12.3,255,1022.5,0.0,0,43.55,10.3,2023-10-10 11:00:00
2023-10-10 12:00:00,23.7,11.3,261,1022.2,0.0,0,43.55,10.3,2023-10-10 12:00:00
2023-10-10 13:00:00,23.9,11.8,258,1021.7,0.0,0,43.55,10.3,2023-10-10 13:00:00
2023-10-10 14:00:00,23.5,12.5,252,1021.2,0.0,1,43.55,10.3,2023-10-10 14:00:00
2023-10-10 15:00:00,23.0,13.0,251,1021.1,0.0,1,43.55,10.3,2023-10-10 15:00:00
2023-10-10 16:00:00,22.5,12.9,257,1021.2,0.0,1,43.55,10.3,2023-10-10 16:00:00
2023-10-10 17:00:00,21.4,9.4,266,1021.4,0.0,0,43.55,10.3,2023-10-10 17:00:00
2023-10-10 18:00:00,20.9,7.6,273,1021.8,0.0,2,43.55,10.3,2023-10-10 18:00:00
2023-10-10 19:00:00,20.5,6.6,261,1022.0,0.0,1,43.55,10.3,2023-10-10 19:00:00
2023-10-10 20:00:00,20.2,7.0,249,1022.1,0.0,0,43.55,10.3,2023-10-10 20:00:00
2023-10-10 21:00:00,20.2,7.6,251,1022.5,0.0,1,43.55,10.3,2023-10-10 21:00:00
2023-10-10 22:00:00,20.2,6.8,270,1022.7,0.0,2,43.55,10.3,2023-10-10 22:00:00
2023-10-10 23:00:00,19.6,5.4,290,1022.5,0.0,3,43.55,10.3,2023-10-10 23:00:00
2023-10-11 00:00:00,19.2,4.4,9,1022.5,0.0,3,43.55,10.3,2023-10-11 00:00:00
2023-10-11 01:00:00,17.9,3.3,77,1022.3,0.0,2,43.55,10.3,2023-10-11 01:00:00
2023-10-11 02:00:00,17.4,6.1,90,1022.0,0.0,2,43.55,10.3,2023-10-11 02:00:00
2023-10-11 03:00:00,17.0,8.6,90,1022.1,0.0,3,43.55,10.3,2023-10-11 03:00:00
2023-10-11 04:00:00,16.6,9.0,88,1022.1,0.0,3,43.55,10.3,2023-10-11 04:00:00
2023-10-11 05:00:00,16.5,9.4,86,1022.0,0.0,3,43.55,10.3,2023-10-11 05:00:00
2023-10-11 06:00:00,16.3,9.8,84,1022.4,0.0,3,43.55,10.3,2023-10-11 06:00:00
2023-10-11 07:00:00,17.0,9.5,81,1022.5,0.0,3,43.55,10.3,2023-10-11 07:00:00
2023-10-11 08:00:00,18.8,8.0,80,1022.9,0.0,3,43.55,10.3,2023-10-11 08:00:00
2023-10-11 09:00:00,21.6,5.5,79,1022.9,0.0,2,43.55,10.3,2023-10-11 09:00:00
2023-10-11 10:00:00,23.5,4.0,265,1023.1,0.0,1,43.55,10.3,2023-10-11 10:00:00
2023-10-11 11:00:00,24.4,9.2,259,1022.9,0.0,1,43.55,10.3,2023-10-11 11:00:00
2023-10-11 12:00:00,24.1,9.5,245,1022.5,0.0,2,43.55,10.3,2023-10-11 12:00:00
2023-10-11 13:00:00,24.0,10.9,236,1022.1,0.0,0,43.55,10.3,2023-10-11 13:00:00
2023-10-11 14:00:00,23.5,11.8,232,1021.8,0.0,0,43.55,10.3,2023-10-11 14:00:00
2023-10-11 15:00:00,22.8,11.5,231,1021.4,0.0,0,43.55,10.3,2023-10-11 15:00:00
2023-10-11 16:00:00,21.8,10.0,229,1021.4,0.0,0,43.55,10.3,2023-10-11 16:00:00
2023-10-11 17:00:00,20.7,7.9,223,1021.6,0.0,0,43.55,10.3,2023-10-11 17:00:00
2023-10-11 18:00:00,20.4,6.9,231,1021.8,0.0,0,43.55,10.3,2023-10-11 18:00:00
2023-10-11 19:00:00,20.2,6.5,236,1021.9,0.0,0,43.55,10.3,2023-10-11 19:00:00
2023-10-11 20:00:00,20.1,6.2,234,1021.9,0.0,1,43.55,10.3,2023-10-11 20:00:00
2023-10-11 21:00:00,20.0,5.4,233,1022.1,0.0,1,43.55,10.3,2023-10-11 21:00:00
2023-10-11 22:00:00,19.4,3.6,217,1022.0,0.0,1,43.55,10.3,2023-10-11 22:00:00
2023-10-11 23:00:00,18.3,5.2,196,1021.9,0.0,1,43.55,10.3,2023-10-11 23:00:00
2023-10-12 00:00:00,18.0,4.3,132,1021.9,0.0,3,43.55,10.3,2023-10-12 00:00:00
2023-10-12 01:00:00,18.3,4.1,128,1021.6,0.0,3,43.55,10.3,2023-10-12 01:00:00
2023-10-12 02:00:00,18.1,3.4,108,1021.4,0.0,3,43.55,10.3,2023-10-12 02:00:00
2023-10-12 03:00:00,17.9,4.3,95,1021.4,0.0,3,43.55,10.3,2023-10-12 03:00:00
2023-10-12 04:00:00,17.6,7.6,87,1021.4,0.0,3,43.55,10.3,2023-10-12 04:00:00
2023-10-12 05:00:00,17.5,9.0,88,1021.4,0.0,3,43.55,10.3,2023-10-12 05:00:00
2023-10-12 06:00:00,17.6,9.5,81,1021.6,0.0,3,43.55,10.3,2023-10-12 06:00:00
2023-10-12 07:00:00,18.6,9.3,77,1022.2,0.0,3,43.55,10.3,2023-10-12 07:00:00
2023-10-12 08:00:00,20.4,7.6,85,1022.5,0.0,2,43.55,10.3,2023-10-12 08:00:00
2023-10-12 09:00:00,22.1,2.4,153,1022.4,0.0,1,43.55,10.3,2023-10-12 09:00:00
2023-10-12 10:00:00,23.3,6.5,236,1022.4,0.1,51,43.55,10.3,2023-10-12 10:00:00
2023-10-12 11:00:00,23.8,10.1,243,1022.3,0.0,2,43.55,10.3,2023-10-12 11:00:00
2023-10-12 12:00:00,23.6,11.5,256,1021.9,0.0,1,43.55,10.3,2023-10-12 12:00:00
2023-10-12 13:00:00,23.4,11.6,248,1021.4,0.0,0,43.55,10.3,2023-10-12 13:00:00
2023-10-12 14:00:00,23.0,10.3,245,1021.0,0.0,0,43.55,10.3,2023-10-12 14:00:00
2023-10-12 15:00:00,22.5,9.0,247,1020.8,0.0,0,43.55,10.3,2023-10-12 15:00:00
2023-10-12 16:00:00,21.7,8.7,246,1020.9,0.0,0,43.55,10.3,2023-10-12 16:00:00
2023-10-12 17:00:00,20.6,7.6,251,1021.2,0.0,0,43.55,10.3,2023-10-12 17:00:00
2023-10-12 18:00:00,20.4,7.1,246,1021.3,0.0,0,43.55,10.3,2023-10-12 18:00:00
2023-10-12 19:00:00,20.1,6.6,241,1021.5,0.0,0,43.55,10.3,2023-10-12 19:00:00
2023-10-12 20:00:00,19.8,4.8,243,1021.7,0.0,1,43.55,10.3,2023-10-12 20:00:00
2023-10-12 21:00:00,19.0,5.7,235,1022.0,0.0,1,43.55,10.3,2023-10-12 21:00:00
2023-10-12 22:00:00,18.8,3.2,180,1021.9,0.0,1,43.55,10.3,2023-10-12 22:00:00
2023-10-12 23:00:00,17.7,4.7,180,1021.8,0.0,3,43.55,10.3,2023-10-12 23:00:00
2023-10-13 00:00:00,17.6,2.7,113,1022.0,0.0,3,43.55,10.3,2023-10-13 00:00:00
2023-10-13 01:00:00,17.6,4.8,103,1022.0,0.0,3,43.55,10.3,2023-10-13 01:00:00
2023-10-13 02:00:00,17.5,5.2,102,1021.9,0.0,3,43.55,10.3,2023-10-13 02:00:00
2023-10-13 03:00:00,17.3,6.5,93,1021.8,0.0,3,43.55,10.3,2023-10-13 03:00:00
2023-10-13 04:00:00,17.3,8.6,90,1021.9,0.0,3,43.55,10.3,2023-10-13 04:00:00
2023-10-13 05:00:00,17.4,9.5,99,1021.8,0.0,3,43.55,10.3,2023-10-13 05:00:00
2023-10-13 06:00:00,17.7,9.8,98,1022.1,0.0,3,43.55,10.3,2023-10-13 06:00:00
2023-10-13 07:00:00,18.5,9.8,107,1022.5,0.0,3,43.55,10.3,2023-10-13 07:00:00
2023-10-13 08:00:00,20.4,7.1,131,1022.8,0.0,1,43.55,10.3,2023-10-13 08:00:00
2023-10-13 09:00:00,22.0,4.3,175,1022.9,0.1,51,43.55,10.3,2023-10-13 09:00:00
2023-10-13 10:00:00,23.2,7.1,225,1022.9,0.2,51,43.55,10.3,2023-10-13 10:00:00
2023-10-13 11:00:00,23.6,10.1,235,1022.7,0.1,51,43.55,10.3,2023-10-13 11:00:00
2023-10-13 12:00:00,23.6,9.3,242,1022.4,0.0,2,43.55,10.3,2023-10-13 12:00:00
2023-10-13 13:00:00,23.5,10.0,240,1021.9,0.0,0,43.55,10.3,2023-10-13 13:00:00
2023-10-13 14:00:00,23.2,10.0,244,1021.5,0.0,0,43.55,10.3,2023-10-13 14:00:00
2023-10-13 15:00:00,22.7,8.4,245,1021.1,0.0,0,43.55,10.3,2023-10-13 15:00:00
2023-10-13 16:00:00,21.8,6.3,239,1020.8,0.0,0,43.55,10.3,2023-10-13 16:00:00
2023-10-13 17:00:00,20.3,3.8,229,1020.6,0.0,0,43.55,10.3,2023-10-13 17:00:00
2023-10-13 18:00:00,20.6,2.2,180,1020.8,0.0,0,43.55,10.3,2023-10-13 18:00:00
2023-10-13 19:00:00,19.0,2.2,90,1020.7,0.0,0,43.55,10.3,2023-10-13 19:00:00
2023-10-13 20:00:00,18.5,3.0,104,1020.8,0.0,0,43.55,10.3,2023-10-13 20:00:00
2023-10-13 21:00:00,17.6,4.4,99,1020.9,0.0,1,43.55,10.3,2023-10-13 21:00:00
2023-10-13 22:00:00,16.8,5.9,101,1020.7,0.0,3,43.55,10.3,2023-10-13 22:00:00
2023-10-13 23:00:00,16.4,6.9,99,1020.2,0.0,3,43.55,10.3,2023-10-13 23:00:00
2023-10-14 00:00:00,15.7,7.6,98,1020.0,0.0,3,43.55,10.3,2023-10-14 00:00:00
2023-10-14 01:00:00,16.5,8.8,109,1019.3,0.0,3,43.55,10.3,2023-10-14 01:00:00
2023-10-14 02:00:00,16.7,8.3,108,1018.6,0.0,3,43.55,10.3,2023-10-14 02:00:00
2023-10-14 03:00:00,16.7,9.0,92,1018.0,0.0,3,43.55,10.3,2023-10-14 03:00:00
2023-10-14 04:00:00,15.9,11.4,79,1017.7,0.0,3,43.55,10.3,2023-10-14 04:00:00
2023-10-14 05:00:00,15.0,13.0,76,1017.4,0.0,3,43.55,10.3,2023-10-14 05:00:00
2023-10-14 06:00:00,15.0,12.4,80,1017.3,0.0,3,43.55,10.3,2023-10-14 06:00:00
2023-10-14 07:00:00,16.2,13.7,76,1017.5,0.0,3,43.55,10.3,2023-10-14 07:00:00
2023-10-14 08:00:00,18.8,11.0,79,1017.4,0.0,1,43.55,10.3,2023-10-14 08:00:00
2023-10-14 09:00:00,21.8,8.6,90,1017.2,0.0,1,43.55,10.3,2023-10-14 09:00:00
2023-10-14 10:00:00,23.8,7.1,139,1016.6,0.0,2,43.55,10.3,2023-10-14 10:00:00
2023-10-14 11:00:00,24.7,14.6,218,1016.2,0.1,51,43.55,10.3,2023-10-14 11:00:00
2023-10-14 12:00:00,23.6,15.8,223,1016.1,0.8,53,43.55,10.3,2023-10-14 12:00:00
2023-10-14 13:00:00,23.7,12.5,219,1015.4,0.2,51,43.55,10.3,2023-10-14 13:00:00
2023-10-14 14:00:00,23.6,12.7,225,1015.0,0.0,0,43.55,10.3,2023-10-14 14:00:00
2023-10-14 15:00:00,23.0,12.8,238,1014.8,0.0,1,43.55,10.3,2023-10-14 15:00:00
2023-10-14 16:00:00,22.1,11.0,247,1014.6,0.0,2,43.55,10.3,2023-10-14 16:00:00
2023-10-14 17:00:00,21.1,10.2,247,1014.6,0.5,53,43.55,10.3,2023-10-14 17:00:00
2023-10-14 18:00:00,21.4,12.4,244,1014.7,0.4,51,43.55,10.3,2023-10-14 18:00:00
2023-10-14 19:00:00,21.9,16.8,242,1014.4,0.2,51,43.55,10.3,2023-10-14 19:00:00
2023-10-14 20:00:00,22.0,15.9,231,1014.3,0.1,51,43.55,10.3,2023-10-14 20:00:00
2023-10-14 21:00:00,21.7,10.5,211,1014.2,0.0,3,43.55,10.3,2023-10-14 21:00:00
2023-10-14 22:00:00,21.1,14.5,203,1014.0,0.0,3,43.55,10.3,2023-10-14 22:00:00
2023-10-14 23:00:00,20.1,10.5,186,1013.5,0.4,51,43.55,10.3,2023-10-14 23:00:00
2023-10-15 00:00:00,20.1,14.9,195,1013.5,0.1,51,43.55,10.3,2023-10-15 00:00:00
2023-10-15 01:00:00,21.1,18.6,195,1012.5,0.1,51,43.55,10.3,2023-10-15 01:00:00
2023-10-15 02:00:00,21.8,25.0,223,1011.4,0.0,0,43.55,10.3,2023-10-15 02:00:00
2023-10-15 03:00:00,22.1,28.6,230,1011.0,0.0,0,43.55,10.3,2023-10-15 03:00:00
2023-10-15 04:00:00,22.2,30.2,232,1010.7,0.0,1,43.55,10.3,2023-10-15 04:00:00
2023-10-15 05:00:00,22.4,35.2,233,1010.3,0.0,3,43.55,10.3,2023-10-15 05:00:00
2023-10-15 06:00:00,22.5,34.6,232,1010.2,0.0,2,43.55,10.3,2023-10-15 06:00:00
2023-10-15 07:00:00,23.0,34.6,232,1010.3,0.0,2,43.55,10.3,2023-10-15 07:00:00
2023-10-15 08:00:00,23.5,34.9,235,1010.7,0.0,3,43.55,10.3,2023-10-15 08:00:00
2023-10-15 09:00:00,23.5,34.3,237,1010.6,0.0,2,43.55,10.3,2023-10-15 09:00:00
2023-10-15 10:00:00,23.7,32.0,234,1010.6,0.0,2,43.55,10.3,2023-10-15 10:00:00
2023-10-15 11:00:00,23.7,28.9,239,1010.4,0.0,3,43.55,10.3,2023-10-15 11:00:00
2023-10-15 12:00:00,23.0,27.5,244,1010.2,0.0,3,43.55,10.3,2023-10-15 12:00:00
2023-10-15 13:00:00,22.9,25.4,249,1010.0,0.0,3,43.55,10.3,2023-10-15 13:00:00
2023-10-15 14:00:00,22.8,16.9,268,1009.7,0.0,3,43.55,10.3,2023-10-15 14:00:00
2023-10-15 15:00:00,22.8,13.8,285,1009.9,0.0,3,43.55,10.3,2023-10-15 15:00:00
2023-10-15 16:00:00,22.0,7.3,290,1010.2,0.0,2,43.55,10.3,2023-10-15 16:00:00
2023-10-15 17:00:00,21.2,4.5,241,1010.6,0.0,1,43.55,10.3,2023-10-15 17:00:00
2023-10-15 18:00:00,20.0,6.2,291,1011.5,0.0,1,43.55,10.3,2023-10-15 18:00:00
2023-10-15 19:00:00,19.2,4.3,24,1011.9,0.0,1,43.55,10.3,2023-10-15 19:00:00
2023-10-15 20:00:00,18.2,8.7,73,1012.9,0.0,2,43.55,10.3,2023-10-15 20:00:00
2023-10-15 21:00:00,17.8,14.1,96,1013.8,0.0,3,43.55,10.3,2023-10-15 21:00:00
2023-10-15 22:00:00,18.2,18.5,83,1014.1,0.0,3,43.55,10.3,2023-10-15 22:00:00
2023-10-15 23:00:00,18.2,26.4,76,1014.5,0.0,3,43.55,10.3,2023-10-15 23:00:00
2023-10-16 00:00:00,19.0,20.3,84,1013.9,0.0,3,43.55,10.3,2023-10-16 00:00:00
2023-10-16 01:00:00,18.0,25.2,80,1014.1,0.0,3,43.55,10.3,2023-10-16 01:00:00
2023-10-16 02:00:00,17.6,24.8,73,1014.2,0.0,2,43.55,10.3,2023-10-16 02:00:00
2023-10-16 03:00:00,17.5,26.9,72,1014.4,0.0,3,43.55,10.3,2023-10-16 03:00:00
2023-10-16 04:00:00,17.4,27.3,72,1014.9,0.0,3,43.55,10.3,2023-10-16 04:00:00
2023-10-16 05:00:00,17.2,27.1,71,1014.8,0.0,3,43.55,10.3,2023-10-16 05:00:00
2023-10-16 06:00:00,17.1,25.4,69,1015.1,0.0,3,43.55,10.3,2023-10-16 06:00:00
2023-10-16 07:00:00,17.7,25.5,68,1015.5,0.0,3,43.55,10.3,2023-10-16 07:00:00
2023-10-16 08:00:00,18.2,24.7,61,1016.1,0.0,3,43.55,10.3,2023-10-16 08:00:00
2023-10-16 09:00:00,18.9,25.9,65,1016.4,0.0,3,43.55,10.3,2023-10-16 09:00:00
2023-10-16 10:00:00,19.6,25.9,63,1016.3,0.0,3,43.55,10.3,2023-10-16 10:00:00
2023-10-16 11:00:00,20.5,24.7,61,1016.2,0.0,3,43.55,10.3,2023-10-16 11:00:00
2023-10-16 12:00:00,21.1,24.4,59,1015.6,0.0,3,43.55,10.3,2023-10-16 12:00:00
2023-10-16 13:00:00,21.3,23.0,63,1015.2,0.0,3,43.55,10.3,2023-10-16 13:00:00
2023-10-16 14:00:00,21.1,23.0,65,1015.0,0.0,3,43.55,10.3,2023-10-16 14:00:00
2023-10-16 15:00:00,20.5,22.4,64,1014.9,0.0,3,43.55,10.3,2023-10-16 15:00:00
2023-10-16 16:00:00,19.7,20.3,65,1014.9,0.0,3,43.55,10.3,2023-10-16 16:00:00
2023-10-16 17:00:00,18.9,20.0,67,1015.2,0.0,3,43.55,10.3,2023-10-16 17:00:00
2023-10-16 18:00:00,18.2,20.2,68,1015.7,0.0,3,43.55,10.3,2023-10-16 18:00:00
2023-10-16 19:00:00,17.6,20.3,70,1015.9,0.0,3,43.55,10.3,2023-10-16 19:00:00
2023-10-16 20:00:00,17.2,19.8,74,1016.2,0.0,3,43.55,10.3,2023-10-16 20:00:00
2023-10-16 21:00:00,16.5,19.6,77,1016.4,0.0,3,43.55,10.3,2023-10-16 21:00:00
2023-10-16 22:00:00,16.0,19.8,78,1016.3,0.0,2,43.55,10.3,2023-10-16 22:00:00
2023-10-16 23:00:00,15.5,19.3,81,1016.3,0.0,2,43.55,10.3,2023-10-16 23:00:00
2023-10-17 00:00:00,15.6,18.1,77,1015.9,0.0,0,43.55,10.3,2023-10-17 00:00:00
2023-10-17 01:00:00,15.5,19.4,79,1015.7,0.0,0,43.55,10.3,2023-10-17 01:00:00
2023-10-17 02:00:00,15.3,19.7,81,1015.5,0.0,0,43.55,10.3,2023-10-17 02:00:00
2023-10-17 03:00:00,14.9,18.8,78,1015.5,0.0,0,43.55,10.3,2023-10-17 03:00:00
2023-10-17 04:00:00,14.5,17.7,77,1015.7,0.0,2,43.55,10.3,2023-10-17 04:00:00
2023-10-17 05:00:00,14.5,17.7,78,1015.8,0.0,3,43.55,10.3,2023-10-17 05:00:00
2023-10-17 06:00:00,14.6,16.9,79,1016.2,0.0,3,43.55,10.3,2023-10-17 06:00:00
2023-10-17 07:00:00,15.5,16.9,79,1016.7,0.0,3,43.55,10.3,2023-10-17 07:00:00
2023-10-17 08:00:00,17.1,19.4,80,1016.6,0.0,3,43.55,10.3,2023-10-17 08:00:00
2023-10-17 09:00:00,18.5,19.9,77,1016.7,0.0,3,43.55,10.3,2023-10-17 09:00:00
2023-10-17 10:00:00,20.0,17.4,77,1016.7,0.0,3,43.55,10.3,2023-10-17 10:00:00
2023-10-17 11:00:00,21.0,15.6,75,1016.1,0.0,3,43.55,10.3,2023-10-17 11:00:00
2023-10-17 12:00:00,22.3,12.5,72,1015.2,0.0,2,43.55,10.3,2023-10-17 12:00:00
2023-10-17 13:00:00,23.0,11.6,68,1014.7,0.0,3,43.55,10.3,2023-10-17 13:00:00
2023-10-17 14:00:00,22.9,11.2,42,1014.1,0.0,3,43.55,10.3,2023-10-17 14:00:00
2023-10-17 15:00:00,22.3,12.6,24,1013.6,0.0,3,43.55,10.3,2023-10-17 15:00:00
2023-10-17 16:00:00,21.2,11.6,7,1013.6,0.0,3,43.55,10.3,2023-10-17 16:00:00
2023-10-17 17:00:00,19.8,6.9,6,1014.3,0.0,3,43.55,10.3,2023-10-17 17:00:00
2023-10-17 18:00:00,19.4,6.9,96,1014.6,0.0,3,43.55,10.3,2023-10-17 18:00:00
2023-10-17 19:00:00,18.4,13.5,99,1014.6,0.0,3,43.55,10.3,2023-10-17 19:00:00
2023-10-17 20:00:00,18.4,15.6,82,1014.8,0.0,3,43.55,10.3,2023-10-17 20:00:00
2023-10-17 21:00:00,18.0,16.2,87,1014.6,0.0,3,43.55,10.3,2023-10-17 21:00:00
2023-10-17 22:00:00,17.4,17.1,82,1014.6,0.0,3,43.55,10.3,2023-10-17 22:00:00
2023-10-17 23:00:00,17.1,17.7,84,1014.5,0.0,3,43.55,10.3,2023-10-17 23:00:00
2023-10-18 00:00:00,16.5,16.0,76,1014.5,0.0,3,43.55,10.3,2023-10-18 00:00:00
2023-10-18 01:00:00,15.7,18.4,87,1014.1,3.8,63,43.55,10.3,2023-10-18 01:00:00
2023-10-18 02:00:00,15.2,16.0,81,1013.9,3.6,63,43.55,10.3,2023-10-18 02:00:00
2023-10-18 03:00:00,14.8,16.8,81,1013.6,1.2,55,43.55,10.3,2023-10-18 03:00:00
2023-10-18 04:00:00,14.7,20.0,83,1013.5,1.3,61,43.55,10.3,2023-10-18 04:00:00
2023-10-18 05:00:00,14.8,18.8,87,1013.2,0.9,53,43.55,10.3,2023-10-18 05:00:00
2023-10-18 06:00:00,14.8,17.8,82,1013.2,0.9,53,43.55,10.3,2023-10-18 06:00:00
2023-10-18 07:00:00,15.2,19.4,80,1013.4,0.8,53,43.55,10.3,2023-10-18 07:00:00
2023-10-18 08:00:00,15.3,18.6,81,1013.2,1.4,61,43.55,10.3,2023-10-18 08:00:00
2023-10-18 09:00:00,15.5,18.2,81,1012.9,1.8,61,43.55,10.3,2023-10-18 09:00:00
2023-10-18 10:00:00,15.9,16.7,76,1012.8,1.1,55,43.55,10.3,2023-10-18 10:00:00
2023-10-18 11:00:00,16.0,16.4,71,1012.6,2.5,63,43.55,10.3,2023-10-18 11:00:00
2023-10-18 12:00:00,16.0,17.3,73,1012.2,8.9,65,43.55,10.3,2023-10-18 12:00:00
2023-10-18 13:00:00,16.4,16.8,75,1011.4,3.7,63,43.55,10.3,2023-10-18 13:00:00
2023-10-18 14:00:00,17.3,16.3,72,1010.8,6.2,63,43.55,10.3,2023-10-18 14:00:00
2023-10-18 15:00:00,18.1,12.3,97,1010.6,0.5,53,43.55,10.3,2023-10-18 15:00:00
2023-10-18 16:00:00,18.2,15.2,112,1009.9,0.5,53,43.55,10.3,2023-10-18 16:00:00
2023-10-18 17:00:00,18.5,16.7,127,1009.5,0.3,51,43.55,10.3,2023-10-18 17:00:00
2023-10-18 18:00:00,18.3,16.9,128,1009.3,0.2,51,43.55,10.3,2023-10-18 18:00:00
2023-10-18 19:00:00,18.4,13.3,123,1008.9,0.2,51,43.55,10.3,2023-10-18 19:00:00
2023-10-18 20:00:00,18.5,10.8,143,1009.1,1.0,55,43.55,10.3,2023-10-18 20:00:00
2023-10-18 21:00:00,19.0,10.2,138,1008.6,3.5,63,43.55,10.3,2023-10-18 21:00:00
2023-10-18 22:00:00,18.7,12.4,116,1008.0,2.2,61,43.55,10.3,2023-10-18 22:00:00
2023-10-18 23:00:00,18.7,16.2,127,1007.1,2.0,61,43.55,10.3,2023-10-18 23:00:00
2023-10-19 00:00:00,18.2,18.8,116,1006.4,0.8,53,43.55,10.3,2023-10-19 00:00:00
2023-10-19 01:00:00,18.8,19.4,138,1005.3,3.3,63,43.55,10.3,2023-10-19 01:00:00
2023-10-19 02:00:00,17.9,13.0,132,1005.2,8.9,65,43.55,10.3,2023-10-19 02:00:00
2023-10-19 03:00:00,17.8,15.3,99,1004.5,0.5,53,43.55,10.3,2023-10-19 03:00:00
2023-10-19 04:00:00,17.2,16.2,69,1004.5,0.6,53,43.55,10.3,2023-10-19 04:00:00
2023-10-19 05:00:00,17.3,14.1,94,1004.5,3.0,63,43.55,10.3,2023-10-19 05:00:00
2023-10-19 06:00:00,17.6,9.8,73,1004.2,0.2,51,43.55,10.3,2023-10-19 06:00:00
2023-10-19 07:00:00,17.9,11.4,66,1004.3,0.0,3,43.55,10.3,2023-10-19 07:00:00
2023-10-19 08:00:00,19.0,12.5,72,1004.1,0.0,2,43.55,10.3,2023-10-19 08:00:00
2023-10-19 09:00:00,20.7,11.6,85,1003.8,0.0,0,43.55,10.3,2023-10-19 09:00:00
2023-10-19 10:00:00,22.4,8.6,90,1003.5,0.0,1,43.55,10.3,2023-10-19 10:00:00
2023-10-19 11:00:00,23.6,4.7,86,1003.1,0.0,3,43.55,10.3,2023-10-19 11:00:00
2023-10-19 12:00:00,22.9,4.1,45,1002.4,0.0,3,43.55,10.3,2023-10-19 12:00:00
2023-10-19 13:00:00,21.6,11.6,120,1002.2,0.4,51,43.55,10.3,2023-10-19 13:00:00
2023-10-19 14:00:00,21.9,16.1,153,1001.4,1.8,61,43.55,10.3,2023-10-19 14:00:00
2023-10-19 15:00:00,20.8,16.6,153,1001.0,0.1,51,43.55,10.3,2023-10-19 15:00:00
2023-10-19 16:00:00,21.0,9.7,138,1000.6,0.0,3,43.55,10.3,2023-10-19 16:00:00
2023-10-19 17:00:00,20.0,10.8,143,1000.7,3.8,63,43.55,10.3,2023-10-19 17:00:00
2023-10-19 18:00:00,20.8,16.6,150,1000.3,0.0,3,43.55,10.3,2023-10-19 18:00:00
2023-10-19 19:00:00,21.2,19.7,156,999.7,0.0,3,43.55,10.3,2023-10-19 19:00:00
2023-10-19 20:00:00,21.7,21.4,163,999.1,0.0,3,43.55,10.3,2023-10-19 20:00:00
2023-10-19 21:00:00,22.6,24.1,177,998.4,0.0,2,43.55,10.3,2023-10-19 21:00:00
2023-10-19 22:00:00,22.2,23.4,178,998.4,0.0,3,43.55,10.3,2023-10-19 22:00:00
2023-10-19 23:00:00,22.2,25.0,173,997.6,0.3,51,43.55,10.3,2023-10-19 23:00:00
2023-10-20 00:00:00,23.5,28.8,179,997.4,0.0,3,43.55,10.3,2023-10-20 00:00:00
2023-10-20 01:00:00,23.8,28.9,186,996.5,0.0,3,43.55,10.3,2023-10-20 01:00:00
2023-10-20 02:00:00,23.5,31.3,179,995.4,0.0,3,43.55,10.3,2023-10-20 02:00:00
2023-10-20 03:00:00,23.4,28.6,174,994.9,0.0,3,43.55,10.3,2023-10-20 03:00:00
2023-10-20 04:00:00,22.9,35.2,164,993.9,0.1,51,43.55,10.3,2023-10-20 04:00:00
2023-10-20 05:00:00,22.5,32.5,159,993.8,0.1,51,43.55,10.3,2023-10-20 05:00:00
2023-10-20 06:00:00,22.4,31.8,160,993.3,0.0,3,43.55,10.3,2023-10-20 06:00:00
2023-10-20 07:00:00,22.9,32.7,166,992.2,0.0,3,43.55,10.3,2023-10-20 07:00:00
2023-10-20 08:00:00,23.4,34.2,172,992.3,0.0,3,43.55,10.3,2023-10-20 08:00:00
2023-10-20 09:00:00,24.2,29.7,169,991.5,0.0,3,43.55,10.3,2023-10-20 09:00:00
2023-10-20 10:00:00,24.6,31.2,173,991.6,0.0,3,43.55,10.3,2023-10-20 10:00:00
2023-10-20 11:00:00,22.2,34.1,228,992.9,1.7,61,43.55,10.3,2023-10-20 11:00:00
2023-10-20 12:00:00,22.4,26.3,237,992.5,0.1,51,43.55,10.3,2023-10-20 12:00:00
2023-10-20 13:00:00,20.4,16.4,261,992.7,3.2,63,43.55,10.3,2023-10-20 13:00:00
2023-10-20 14:00:00,19.1,32.3,251,993.3,0.9,53,43.55,10.3,2023-10-20 14:00:00
2023-10-20 15:00:00,19.3,20.7,235,994.1,1.2,55,43.55,10.3,2023-10-20 15:00:00
2023-10-20 16:00:00,19.4,16.8,228,994.3,3.1,63,43.55,10.3,2023-10-20 16:00:00
2023-10-20 17:00:00,20.1,22.3,239,995.2,0.2,51,43.55,10.3,2023-10-20 17:00:00
2023-10-20 18:00:00,19.6,23.4,245,996.3,0.0,3,43.55,10.3,2023-10-20 18:00:00
2023-10-20 19:00:00,19.6,24.8,240,996.5,0.0,3,43.55,10.3,2023-10-20 19:00:00
2023-10-20 20:00:00,18.8,26.4,232,997.6,0.1,51,43.55,10.3,2023-10-20 20:00:00
2023-10-20 21:00:00,18.1,16.1,209,998.0,0.2,51,43.55,10.3,2023-10-20 21:00:00
2023-10-20 22:00:00,18.4,16.7,217,998.2,0.0,2,43.55,10.3,2023-10-20 22:00:00
2023-10-20 23:00:00,18.9,19.9,225,998.3,0.0,0,43.55,10.3,2023-10-20 23:00:00
2023-10-21 00:00:00,19.9,17.9,205,999.1,0.0,1,43.55,10.3,2023-10-21 00:00:00
2023-10-21 01:00:00,20.0,18.9,211,999.1,0.0,2,43.55,10.3,2023-10-21 01:00:00
2023-10-21 02:00:00,19.7,16.8,208,998.9,0.0,1,43.55,10.3,2023-10-21 02:00:00
2023-10-21 03:00:00,18.5,11.8,149,999.0,0.0,1,43.55,10.3,2023-10-21 03:00:00
2023-10-21 04:00:00,17.1,10.2,108,999.8,0.0,0,43.55,10.3,2023-10-21 04:00:00
2023-10-21 05:00:00,15.5,13.5,46,1000.4,0.0,1,43.55,10.3,2023-10-21 05:00:00
2023-10-21 06:00:00,15.0,13.6,40,1001.3,0.0,2,43.55,10.3,2023-10-21 06:00:00
2023-10-21 07:00:00,16.3,12.7,82,1002.1,0.0,2,43.55,10.3,2023-10-21 07:00:00
2023-10-21 08:00:00,17.1,11.9,90,1002.7,0.1,51,43.55,10.3,2023-10-21 08:00:00
2023-10-21 09:00:00,18.1,9.6,70,1002.9,0.0,2,43.55,10.3,2023-10-21 09:00:00
2023-10-21 10:00:00,19.3,10.9,96,1003.2,0.0,1,43.55,10.3,2023-10-21 10:00:00
2023-10-21 11:00:00,20.6,5.1,129,1003.2,0.0,1,43.55,10.3,2023-10-21 11:00:00
2023-10-21 12:00:00,21.1,5.1,188,1002.9,1.2,55,43.55,10.3,2023-10-21 12:00:00
2023-10-21 13:00:00,18.3,5.7,145,1003.2,2.4,61,43.55,10.3,2023-10-21 13:00:00
2023-10-21 14:00:00,18.6,5.8,150,1002.9,0.0,3,43.55,10.3,2023-10-21 14:00:00
2023-10-21 15:00:00,18.7,6.4,128,1002.9,0.0,3,43.55,10.3,2023-10-21 15:00:00
2023-10-21 16:00:00,18.0,3.2,117,1003.6,0.0,3,43.55,10.3,2023-10-21 16:00:00
2023-10-21 17:00:00,16.5,4.5,194,1004.7,1.2,55,43.55,10.3,2023-10-21 17:00:00
2023-10-21 18:00:00,16.8,9.0,182,1005.6,0.7,53,43.55,10.3,2023-10-21 18:00:00
2023-10-21 19:00:00,15.2,10.7,135,1006.5,1.9,61,43.55,10.3,2023-10-21 19:00:00
2023-10-21 20:00:00,15.3,7.4,119,1006.5,0.8,53,43.55,10.3,2023-10-21 20:00:00
2023-10-21 21:00:00,17.2,9.4,227,1007.0,0.0,0,43.55,10.3,2023-10-21 21:00:00
2023-10-21 22:00:00,18.7,19.5,236,1007.3,0.0,3,43.55,10.3,2023-10-21 22:00:00
2023-10-21 23:00:00,19.2,23.3,235,1007.8,0.0,1,43.55,10.3,2023-10-21 23:00:00
2023-10-22 00:00:00,19.6,22.5,243,1008.3,0.0,0,43.55,10.3,2023-10-22 00:00:00
2023-10-22 01:00:00,19.8,23.8,243,1008.5,0.0,0,43.55,10.3,2023-10-22 01:00:00
2023-10-22 02:00:00,19.6,25.0,237,1008.9,0.0,0,43.55,10.3,2023-10-22 02:00:00
2023-10-22 03:00:00,19.2,25.2,236,1009.4,0.0,0,43.55,10.3,2023-10-22 03:00:00
2023-10-22 04:00:00,19.1,22.0,238,1009.8,0.0,0,43.55,10.3,2023-10-22 04:00:00
2023-10-22 05:00:00,18.7,20.3,240,1010.2,0.0,2,43.55,10.3,2023-10-22 05:00:00
2023-10-22 06:00:00,18.6,18.8,241,1011.0,0.0,2,43.55,10.3,2023-10-22 06:00:00
2023-10-22 07:00:00,19.3,19.3,243,1012.0,0.0,1,43.55,10.3,2023-10-22 07:00:00
2023-10-22 08:00:00,20.2,19.4,239,1012.4,0.0,1,43.55,10.3,2023-10-22 08:00:00
2023-10-22 09:00:00,20.7,21.2,235,1013.0,0.0,1,43.55,10.3,2023-10-22 09:00:00
2023-10-22 10:00:00,21.2,22.0,235,1013.4,0.0,3,43.55,10.3,2023-10-22 10:00:00
2023-10-22 11:00:00,21.1,23.0,235,1013.6,0.1,51,43.55,10.3,2023-10-22 11:00:00
2023-10-22 12:00:00,21.2,21.9,243,1013.4,0.0,3,43.55,10.3,2023-10-22 12:00:00
2023-10-22 13:00:00,21.1,21.1,250,1013.5,0.0,3,43.55,10.3,2023-10-22 13:00:00
2023-10-22 14:00:00,20.7,18.4,266,1013.8,0.0,3,43.55,10.3,2023-10-22 14:00:00
2023-10-22 15:00:00,20.1,12.2,284,1014.1,0.0,3,43.55,10.3,2023-10-22 15:00:00
2023-10-22 16:00:00,19.1,6.6,292,1014.2,0.0,3,43.55,10.3,2023-10-22 16:00:00
2023-10-22 17:00:00,18.2,5.2,282,1014.5,0.0,1,43.55,10.3,2023-10-22 17:00:00
2023-10-22 18:00:00,17.1,6.6,292,1014.9,0.0,2,43.55,10.3,2023-10-22 18:00:00
2023-10-22 19:00:00,18.6,4.9,324,1014.9,0.0,2,43.55,10.3,2023-10-22 19:00:00
2023-10-22 20:00:00,16.2,3.2,90,1015.5,0.0,2,43.55,10.3,2023-10-22 20:00:00
2023-10-22 21:00:00,15.3,5.5,101,1015.9,0.0,2,43.55,10.3,2023-10-22 21:00:00
2023-10-22 22:00:00,14.8,8.7,95,1016.1,0.0,1,43.55,10.3,2023-10-22 22:00:00
2023-10-22 23:00:00,14.2,9.5,101,1016.3,0.0,1,43.55,10.3,2023-10-22 23:00:00
2023-10-23 00:00:00,14.4,10.8,86,1016.3,0.0,1,43.55,10.3,2023-10-23 00:00:00
2023-10-23 01:00:00,14.1,12.3,69,1016.6,0.0,0,43.55,10.3,2023-10-23 01:00:00
2023-10-23 02:00:00,13.9,13.7,76,1016.4,0.0,0,43.55,10.3,2023-10-23 02:00:00
2023-10-23 03:00:00,13.8,13.8,84,1016.3,0.0,0,43.55,10.3,2023-10-23 03:00:00
2023-10-23 04:00:00,13.7,14.6,81,1016.3,0.0,0,43.55,10.3,2023-10-23 04:00:00
2023-10-23 05:00:00,13.5,16.0,81,1016.0,0.0,1,43.55,10.3,2023-10-23 05:00:00
2023-10-23 06:00:00,13.3,16.5,80,1016.3,0.0,2,43.55,10.3,2023-10-23 06:00:00
2023-10-23 07:00:00,14.2,17.9,80,1016.8,0.0,3,43.55,10.3,2023-10-23 07:00:00
2023-10-23 08:00:00,16.0,17.1,83,1017.0,0.0,1,43.55,10.3,2023-10-23 08:00:00
2023-10-23 09:00:00,18.4,17.4,77,1016.7,0.0,1,43.55,10.3,2023-10-23 09:00:00
2023-10-23 10:00:00,20.2,16.6,77,1016.7,0.1,51,43.55,10.3,2023-10-23 10:00:00
2023-10-23 11:00:00,20.7,13.8,84,1016.6,0.1,51,43.55,10.3,2023-10-23 11:00:00
2023-10-23 12:00:00,20.4,10.9,117,1016.5,0.3,51,43.55,10.3,2023-10-23 12:00:00
2023-10-23 13:00:00,20.4,12.6,90,1015.9,1.7,61,43.55,10.3,2023-10-23 13:00:00
2023-10-23 14:00:00,19.8,13.4,104,1015.6,0.1,51,43.55,10.3,2023-10-23 14:00:00
2023-10-23 15:00:00,20.0,14.4,103,1015.1,0.2,51,43.55,10.3,2023-10-23 15:00:00
2023-10-23 16:00:00,19.8,14.8,116,1014.5,0.0,3,43.55,10.3,2023-10-23 16:00:00
2023-10-23 17:00:00,19.3,15.5,115,1014.7,0.2,51,43.55,10.3,2023-10-23 17:00:00
2023-10-23 18:00:00,19.2,16.3,125,1014.8,0.3,51,43.55,10.3,2023-10-23 18:00:00
2023-10-23 19:00:00,19.5,16.8,132,1014.6,0.3,51,43.55,10.3,2023-10-23 19:00:00
2023-10-23 20:00:00,19.8,17.6,136,1014.3,0.2,51,43.55,10.3,2023-10-23 20:00:00
2023-10-23 21:00:00,20.2,19.8,143,1014.3,0.2,51,43.55,10.3,2023-10-23 21:00:00
2023-10-23 22:00:00,20.6,21.9,150,1014.2,0.2,51,43.55,10.3,2023-10-23 22:00:00
2023-10-23 23:00:00,20.9,22.9,156,1013.8,0.1,51,43.55,10.3,2023-10-23 23:00:00
2023-10-24 00:00:00,19.8,17.8,137,1014.3,0.0,3,43.55,10.3,2023-10-24 00:00:00
2023-10-24 01:00:00,20.6,21.4,144,1013.7,0.2,51,43.55,10.3,2023-10-24 01:00:00
2023-10-24 02:00:00,20.6,23.1,146,1012.1,0.2,51,43.55,10.3,2023-10-24 02:00:00
2023-10-24 03:00:00,20.9,23.7,150,1011.3,0.2,51,43.55,10.3,2023-10-24 03:00:00
2023-10-24 04:00:00,21.0,26.3,150,1010.5,0.2,51,43.55,10.3,2023-10-24 04:00:00
2023-10-24 05:00:00,21.4,29.4,158,1010.1,0.1,51,43.55,10.3,2023-10-24 05:00:00
2023-10-24 06:00:00,21.3,31.0,167,1009.6,0.3,51,43.55,10.3,2023-10-24 06:00:00
2023-10-24 07:00:00,21.3,25.3,165,1009.6,0.5,53,43.55,10.3,2023-10-24 07:00:00
2023-10-24 08:00:00,20.5,32.1,178,1009.7,3.6,63,43.55,10.3,2023-10-24 08:00:00
2023-10-24 09:00:00,20.2,29.3,185,1009.0,2.5,63,43.55,10.3,2023-10-24 09:00:00
2023-10-24 10:00:00,19.3,21.8,219,1008.7,11.7,65,43.55,10.3,2023-10-24 10:00:00
2023-10-24 11:00:00,20.4,9.3,193,1008.0,6.0,63,43.55,10.3,2023-10-24 11:00:00
2023-10-24 12:00:00,21.5,10.7,213,1006.7,0.0,3,43.55,10.3,2023-10-24 12:00:00
2023-10-24 13:00:00,20.8,22.7,228,1006.6,0.0,3,43.55,10.3,2023-10-24 13:00:00
2023-10-24 14:00:00,19.9,21.2,249,1006.0,0.3,51,43.55,10.3,2023-10-24 14:00:00
2023-10-24 15:00:00,18.5,22.5,254,1005.6,1.6,61,43.55,10.3,2023-10-24 15:00:00
2023-10-24 16:00:00,18.6,35.1,241,1005.4,1.4,61,43.55,10.3,2023-10-24 16:00:00
2023-10-24 17:00:00,18.4,25.5,226,1005.6,2.7,63,43.55,10.3,2023-10-24 17:00:00
2023-10-24 18:00:00,18.6,28.5,226,1005.7,0.0,1,43.55,10.3,2023-10-24 18:00:00
2023-10-24 19:00:00,18.7,36.4,231,1006.0,0.1,51,43.55,10.3,2023-10-24 19:00:00
2023-10-24 20:00:00,19.4,35.6,243,1006.7,0.0,1,43.55,10.3,2023-10-24 20:00:00
2023-10-24 21:00:00,19.2,31.7,244,1007.5,0.0,0,43.55,10.3,2023-10-24 21:00:00
2023-10-24 22:00:00,19.2,32.5,242,1007.8,0.0,0,43.55,10.3,2023-10-24 22:00:00
2023-10-24 23:00:00,19.1,30.1,244,1007.9,0.0,1,43.55,10.3,2023-10-24 23:00:00
2023-10-25 00:00:00,19.1,31.6,246,1007.8,0.0,0,43.55,10.3,2023-10-25 00:00:00
2023-10-25 01:00:00,19.5,30.0,246,1007.4,0.0,0,43.55,10.3,2023-10-25 01:00:00
2023-10-25 02:00:00,19.3,30.1,245,1007.0,0.0,0,43.55,10.3,2023-10-25 02:00:00
2023-10-25 03:00:00,19.1,27.6,239,1006.9,0.0,0,43.55,10.3,2023-10-25 03:00:00
2023-10-25 04:00:00,19.2,26.6,237,1006.9,0.0,2,43.55,10.3,2023-10-25 04:00:00
2023-10-25 05:00:00,19.4,26.1,240,1006.4,0.0,3,43.55,10.3,2023-10-25 05:00:00
2023-10-25 06:00:00,19.9,25.7,248,1006.1,0.0,3,43.55,10.3,2023-10-25 06:00:00
2023-10-25 07:00:00,20.0,26.9,242,1006.7,0.0,3,43.55,10.3,2023-10-25 07:00:00
2023-10-25 08:00:00,20.7,27.7,238,1007.0,0.0,3,43.55,10.3,2023-10-25 08:00:00
2023-10-25 09:00:00,20.5,32.3,231,1006.9,0.1,51,43.55,10.3,2023-10-25 09:00:00
2023-10-25 10:00:00,20.3,31.0,219,1007.1,0.6,53,43.55,10.3,2023-10-25 10:00:00
2023-10-25 11:00:00,20.5,25.0,213,1007.1,0.0,3,43.55,10.3,2023-10-25 11:00:00
2023-10-25 12:00:00,20.2,18.1,211,1006.6,0.0,2,43.55,10.3,2023-10-25 12:00:00
2023-10-25 13:00:00,17.9,15.8,229,1006.6,3.1,63,43.55,10.3,2023-10-25 13:00:00
2023-10-25 14:00:00,19.0,17.6,239,1006.0,0.5,53,43.55,10.3,2023-10-25 14:00:00
2023-10-25 15:00:00,19.4,18.1,229,1005.7,2.5,63,43.55,10.3,2023-10-25 15:00:00
2023-10-25 16:00:00,17.7,17.5,238,1005.4,6.1,63,43.55,10.3,2023-10-25 16:00:00
2023-10-25 17:00:00,18.2,13.2,253,1005.4,0.1,51,43.55,10.3,2023-10-25 17:00:00
2023-10-25 18:00:00,18.4,13.4,234,1005.2,0.7,53,43.55,10.3,2023-10-25 18:00:00
2023-10-25 19:00:00,19.6,24.8,240,1004.9,0.1,51,43.55,10.3,2023-10-25 19:00:00
2023-10-25 20:00:00,19.6,28.8,236,1005.2,0.1,51,43.55,10.3,2023-10-25 20:00:00
2023-10-25 21:00:00,19.7,28.3,226,1005.4,0.1,51,43.55,10.3,2023-10-25 21:00:00
2023-10-25 22:00:00,20.2,30.3,225,1004.9,0.0,2,43.55,10.3,2023-10-25 22:00:00
2023-10-25 23:00:00,20.2,29.9,220,1004.2,0.0,0,43.55,10.3,2023-10-25 23:00:00
2023-10-26 00:00:00,20.1,34.5,231,1004.2,0.0,1,43.55,10.3,2023-10-26 00:00:00
2023-10-26 01:00:00,20.8,35.6,243,1003.8,0.0,2,43.55,10.3,2023-10-26 01:00:00
2023-10-26 02:00:00,20.4,37.5,246,1003.8,0.0,2,43.55,10.3,2023-10-26 02:00:00
2023-10-26 03:00:00,20.3,35.9,251,1003.5,0.0,3,43.55,10.3,2023-10-26 03:00:00
2023-10-26 04:00:00,20.4,32.9,252,1003.8,0.0,3,43.55,10.3,2023-10-26 04:00:00
2023-10-26 05:00:00,20.3,27.2,252,1003.7,0.0,3,43.55,10.3,2023-10-26 05:00:00
2023-10-26 06:00:00,20.2,27.9,245,1003.7,0.0,3,43.55,10.3,2023-10-26 06:00:00
2023-10-26 07:00:00,20.6,32.0,244,1003.5,0.0,3,43.55,10.3,2023-10-26 07:00:00
2023-10-26 08:00:00,20.7,35.9,239,1003.8,0.0,3,43.55,10.3,2023-10-26 08:00:00
2023-10-26 09:00:00,20.8,34.5,231,1004.2,0.2,51,43.55,10.3,2023-10-26 09:00:00
2023-10-26 10:00:00,21.0,27.0,226,1004.3,0.1,51,43.55,10.3,2023-10-26 10:00:00
2023-10-26 11:00:00,21.7,27.3,228,1004.0,0.5,53,43.55,10.3,2023-10-26 11:00:00
2023-10-26 12:00:00,21.7,25.0,223,1003.1,0.7,53,43.55,10.3,2023-10-26 12:00:00
2023-10-26 13:00:00,20.8,22.3,214,1003.5,0.1,51,43.55,10.3,2023-10-26 13:00:00
2023-10-26 14:00:00,20.9,19.7,208,1003.1,0.0,3,43.55,10.3,2023-10-26 14:00:00
2023-10-26 15:00:00,20.7,15.8,197,1002.4,0.1,51,43.55,10.3,2023-10-26 15:00:00
2023-10-26 16:00:00,20.1,19.1,202,1002.1,0.1,51,43.55,10.3,2023-10-26 16:00:00
2023-10-26 17:00:00,19.7,12.6,204,1001.6,1.5,61,43.55,10.3,2023-10-26 17:00:00
2023-10-26 18:00:00,19.7,12.0,213,1001.5,1.0,55,43.55,10.3,2023-10-26 18:00:00
2023-10-26 19:00:00,20.2,18.3,170,1000.1,0.2,51,43.55,10.3,2023-10-26 19:00:00
2023-10-26 20:00:00,19.7,16.2,148,999.6,0.0,3,43.55,10.3,2023-10-26 20:00:00
2023-10-26 21:00:00,19.9,14.2,144,998.9,0.0,3,43.55,10.3,2023-10-26 21:00:00
2023-10-26 22:00:00,20.5,16.1,214,998.6,0.1,51,43.55,10.3,2023-10-26 22:00:00
2023-10-26 23:00:00,19.8,22.6,233,998.5,2.6,63,43.55,10.3,2023-10-26 23:00:00
2023-10-27 00:00:00,21.3,31.3,218,997.2,0.0,3,43.55,10.3,2023-10-27 00:00:00
2023-10-27 01:00:00,20.4,21.6,208,996.3,0.2,51,43.55,10.3,2023-10-27 01:00:00
2023-10-27 02:00:00,20.5,29.9,216,995.1,3.8,63,43.55,10.3,2023-10-27 02:00:00
2023-10-27 03:00:00,19.6,41.9,220,994.4,9.7,65,43.55,10.3,2023-10-27 03:00:00
2023-10-27 04:00:00,19.6,41.6,215,994.1,1.7,61,43.55,10.3,2023-10-27 04:00:00
2023-10-27 05:00:00,20.5,39.1,236,994.4,0.3,51,43.55,10.3,2023-10-27 05:00:00
2023-10-27 06:00:00,19.9,32.8,243,995.3,0.0,2,43.55,10.3,2023-10-27 06:00:00
2023-10-27 07:00:00,20.1,31.4,250,996.5,0.1,51,43.55,10.3,2023-10-27 07:00:00
2023-10-27 08:00:00,20.1,31.9,252,997.6,0.4,51,43.55,10.3,2023-10-27 08:00:00
2023-10-27 09:00:00,20.4,38.0,248,998.2,0.1,51,43.55,10.3,2023-10-27 09:00:00
2023-10-27 10:00:00,20.5,38.4,250,998.9,0.0,1,43.55,10.3,2023-10-27 10:00:00
2023-10-27 11:00:00,20.6,40.1,249,999.3,0.0,0,43.55,10.3,2023-10-27 11:00:00
2023-10-27 12:00:00,20.6,39.5,245,999.5,0.0,0,43.55,10.3,2023-10-27 12:00:00
2023-10-27 13:00:00,21.0,34.5,240,1000.6,0.0,0,43.55,10.3,2023-10-27 13:00:00
2023-10-27 14:00:00,20.6,31.7,234,1001.1,0.0,0,43.55,10.3,2023-10-27 14:00:00
2023-10-27 15:00:00,20.2,29.9,230,1001.6,0.0,0,43.55,10.3,2023-10-27 15:00:00
2023-10-27 16:00:00,19.6,33.5,230,1001.9,0.0,0,43.55,10.3,2023-10-27 16:00:00
2023-10-27 17:00:00,19.5,37.6,230,1002.1,0.0,0,43.55,10.3,2023-10-27 17:00:00
2023-10-27 18:00:00,19.9,35.5,236,1002.4,0.0,0,43.55,10.3,2023-10-27 18:00:00
2023-10-27 19:00:00,19.8,37.9,241,1003.0,0.0,0,43.55,10.3,2023-10-27 19:00:00
2023-10-27 20:00:00,19.6,36.4,240,1004.1,0.0,0,43.55,10.3,2023-10-27 20:00:00
2023-10-27 21:00:00,19.4,35.0,236,1004.7,0.0,0,43.55,10.3,2023-10-27 21:00:00
2023-10-27 22:00:00,19.3,34.1,234,1004.9,0.0,0,43.55,10.3,2023-10-27 22:00:00
2023-10-27 23:00:00,19.1,33.0,231,1005.1,0.0,0,43.55,10.3,2023-10-27 23:00:00
2023-10-28 00:00:00,19.2,32.9,229,1004.9,0.0,0,43.55,10.3,2023-10-28 00:00:00
2023-10-28 01:00:00,19.5,32.1,240,1005.1,0.0,0,43.55,10.3,2023-10-28 01:00:00
2023-10-28 02:00:00,19.4,31.3,237,1005.1,0.0,0,43.55,10.3,2023-10-28 02:00:00
2023-10-28 03:00:00,19.4,30.8,232,1005.0,0.0,0,43.55,10.3,2023-10-28 03:00:00
2023-10-28 04:00:00,19.4,31.8,235,1005.0,0.0,1,43.55,10.3,2023-10-28 04:00:00
2023-10-28 05:00:00,19.4,30.8,243,1005.5,0.0,0,43.55,10.3,2023-10-28 05:00:00
2023-10-28 06:00:00,19.3,26.8,239,1006.0,0.0,0,43.55,10.3,2023-10-28 06:00:00
2023-10-28 07:00:00,19.7,24.5,237,1006.5,0.0,0,43.55,10.3,2023-10-28 07:00:00
2023-10-28 08:00:00,20.5,25.8,237,1007.4,0.0,0,43.55,10.3,2023-10-28 08:00:00
2023-10-28 09:00:00,20.9,29.7,239,1008.0,0.0,0,43.55,10.3,2023-10-28 09:00:00
2023-10-28 10:00:00,21.1,29.2,240,1008.7,0.0,3,43.55,10.3,2023-10-28 10:00:00
2023-10-28 11:00:00,21.1,28.8,238,1009.0,0.0,3,43.55,10.3,2023-10-28 11:00:00
2023-10-28 12:00:00,21.0,26.6,240,1009.0,0.0,2,43.55,10.3,2023-10-28 12:00:00
2023-10-28 13:00:00,21.2,27.6,239,1009.4,0.0,1,43.55,10.3,2023-10-28 13:00:00
2023-10-28 14:00:00,20.9,26.6,243,1009.4,0.0,1,43.55,10.3,2023-10-28 14:00:00
2023-10-28 15:00:00,20.5,22.4,242,1009.3,0.0,0,43.55,10.3,2023-10-28 15:00:00
2023-10-28 16:00:00,20.1,20.1,237,1009.2,0.0,1,43.55,10.3,2023-10-28 16:00:00
2023-10-28 17:00:00,19.8,22.6,245,1009.9,0.1,51,43.55,10.3,2023-10-28 17:00:00
2023-10-28 18:00:00,20.2,27.2,241,1010.1,0.0,0,43.55,10.3,2023-10-28 18:00:00
2023-10-28 19:00:00,20.3,29.7,237,1011.1,0.0,0,43.55,10.3,2023-10-28 19:00:00
2023-10-28 20:00:00,19.6,24.5,230,1012.0,0.0,1,43.55,10.3,2023-10-28 20:00:00
2023-10-28 21:00:00,19.3,16.8,225,1012.4,0.0,0,43.55,10.3,2023-10-28 21:00:00
2023-10-28 22:00:00,19.4,13.7,225,1012.5,0.0,0,43.55,10.3,2023-10-28 22:00:00
2023-10-28 23:00:00,18.9,9.1,214,1012.5,0.0,0,43.55,10.3,2023-10-28 23:00:00
2023-10-29 00:00:00,16.8,5.1,176,1012.4,0.0,0,43.55,10.3,2023-10-29 00:00:00
2023-10-29 01:00:00,17.1,7.6,109,1012.5,0.0,0,43.55,10.3,2023-10-29 01:00:00
2023-10-29 02:00:00,15.4,12.3,93,1012.6,0.0,2,43.55,10.3,2023-10-29 02:00:00
2023-10-29 03:00:00,14.3,11.4,79,1012.7,0.0,2,43.55,10.3,2023-10-29 03:00:00
2023-10-29 04:00:00,14.2,13.2,79,1012.5,0.0,2,43.55,10.3,2023-10-29 04:00:00
2023-10-29 05:00:00,13.9,14.4,89,1012.1,0.0,1,43.55,10.3,2023-10-29 05:00:00
2023-10-29 06:00:00,14.1,10.3,65,1012.4,0.1,51,43.55,10.3,2023-10-29 06:00:00
2023-10-29 07:00:00,15.8,10.9,98,1013.0,0.2,51,43.55,10.3,2023-10-29 07:00:00
2023-10-29 08:00:00,18.5,15.3,141,1013.4,0.1,51,43.55,10.3,2023-10-29 08:00:00
2023-10-29 09:00:00,20.1,12.2,178,1013.6,1.2,55,43.55,10.3,2023-10-29 09:00:00
2023-10-29 10:00:00,21.2,18.7,182,1013.7,0.0,2,43.55,10.3,2023-10-29 10:00:00
2023-10-29 11:00:00,21.9,19.1,183,1013.4,0.1,51,43.55,10.3,2023-10-29 11:00:00
2023-10-29 12:00:00,22.4,20.6,185,1012.9,0.1,51,43.55,10.3,2023-10-29 12:00:00
2023-10-29 13:00:00,22.1,21.2,180,1013.2,0.2,51,43.55,10.3,2023-10-29 13:00:00
2023-10-29 14:00:00,21.8,23.1,185,1013.0,0.0,3,43.55,10.3,2023-10-29 14:00:00
2023-10-29 15:00:00,21.2,21.0,185,1013.0,0.0,3,43.55,10.3,2023-10-29 15:00:00
2023-10-29 16:00:00,20.6,19.6,186,1013.1,0.0,3,43.55,10.3,2023-10-29 16:00:00
2023-10-29 17:00:00,20.3,17.0,186,1013.1,0.0,1,43.55,10.3,2023-10-29 17:00:00
2023-10-29 18:00:00,19.8,17.5,166,1013.3,0.0,1,43.55,10.3,2023-10-29 18:00:00
2023-10-29 19:00:00,18.7,19.9,163,1013.3,0.1,51,43.55,10.3,2023-10-29 19:00:00
2023-10-29 20:00:00,18.4,16.8,152,1013.6,0.2,51,43.55,10.3,2023-10-29 20:00:00
2023-10-29 21:00:00,17.7,19.2,146,1013.8,1.5,61,43.55,10.3,2023-10-29 21:00:00
2023-10-29 22:00:00,17.1,19.2,140,1013.5,6.3,63,43.55,10.3,2023-10-29 22:00:00
2023-10-29 23:00:00,17.3,12.2,156,1013.5,1.1,55,43.55,10.3,2023-10-29 23:00:00
2023-10-30 00:00:00,17.0,9.3,118,1012.9,4.9,63,43.55,10.3,2023-10-30 00:00:00
2023-10-30 01:00:00,17.5,13.2,55,1012.8,3.3,63,43.55,10.3,2023-10-30 01:00:00
2023-10-30 02:00:00,17.5,10.7,104,1011.6,5.2,63,43.55,10.3,2023-10-30 02:00:00
2023-10-30 03:00:00,18.1,13.8,137,1010.9,9.6,65,43.55,10.3,2023-10-30 03:00:00
2023-10-30 04:00:00,18.7,19.6,160,1010.6,0.6,53,43.55,10.3,2023-10-30 04:00:00
2023-10-30 05:00:00,19.3,19.9,158,1010.6,0.5,53,43.55,10.3,2023-10-30 05:00:00
2023-10-30 06:00:00,19.1,16.1,151,1010.4,1.4,61,43.55,10.3,2023-10-30 06:00:00
2023-10-30 07:00:00,19.5,20.1,144,1010.3,0.5,53,43.55,10.3,2023-10-30 07:00:00
2023-10-30 08:00:00,19.9,27.3,146,1010.1,0.1,51,43.55,10.3,2023-10-30 08:00:00
2023-10-30 09:00:00,20.9,31.7,151,1009.0,0.0,3,43.55,10.3,2023-10-30 09:00:00
2023-10-30 10:00:00,21.1,33.8,152,1008.1,0.0,3,43.55,10.3,2023-10-30 10:00:00
2023-10-30 11:00:00,22.2,29.0,153,1007.1,0.0,3,43.55,10.3,2023-10-30 11:00:00
2023-10-30 12:00:00,22.8,38.0,158,1006.0,0.0,3,43.55,10.3,2023-10-30 12:00:00
2023-10-30 13:00:00,22.6,35.5,156,1006.1,0.0,3,43.55,10.3,2023-10-30 13:00:00
2023-10-30 14:00:00,21.8,27.4,163,1005.6,0.8,53,43.55,10.3,2023-10-30 14:00:00
2023-10-30 15:00:00,22.0,28.0,154,1004.5,0.7,53,43.55,10.3,2023-10-30 15:00:00
2023-10-30 16:00:00,21.4,35.4,158,1003.4,1.1,55,43.55,10.3,2023-10-30 16:00:00
2023-10-30 17:00:00,19.5,41.6,159,1002.4,0.2,51,43.55,10.3,2023-10-30 17:00:00
2023-10-30 18:00:00,18.1,24.6,142,1002.1,5.0,63,43.55,10.3,2023-10-30 18:00:00
2023-10-30 19:00:00,20.4,36.4,240,1002.2,8.7,65,43.55,10.3,2023-10-30 19:00:00
2023-10-30 20:00:00,19.3,27.3,258,1002.9,1.5,61,43.55,10.3,2023-10-30 20:00:00
2023-10-30 21:00:00,19.1,27.5,265,1003.3,1.2,55,43.55,10.3,2023-10-30 21:00:00
2023-10-30 22:00:00,19.5,27.1,256,1004.0,0.0,1,43.55,10.3,2023-10-30 22:00:00
2023-10-30 23:00:00,19.5,24.1,243,1004.1,0.0,0,43.55,10.3,2023-10-30 23:00:00
2023-10-31 00:00:00,19.6,29.3,241,1004.3,0.0,1,43.55,10.3,2023-10-31 00:00:00
2023-10-31 01:00:00,20.1,34.8,243,1003.6,0.0,3,43.55,10.3,2023-10-31 01:00:00
2023-10-31 02:00:00,19.1,35.0,230,1003.5,0.0,2,43.55,10.3,2023-10-31 02:00:00
2023-10-31 03:00:00,19.1,36.0,230,1003.5,0.0,0,43.55,10.3,2023-10-31 03:00:00
2023-10-31 04:00:00,18.8,43.0,227,1003.3,0.0,0,43.55,10.3,2023-10-31 04:00:00
2023-10-31 05:00:00,18.5,38.6,230,1003.6,0.0,0,43.55,10.3,2023-10-31 05:00:00
2023-10-31 06:00:00,18.2,37.8,235,1004.2,0.0,0,43.55,10.3,2023-10-31 06:00:00
2023-10-31 07:00:00,18.5,45.6,242,1004.7,0.0,0,43.55,10.3,2023-10-31 07:00:00
2023-10-31 08:00:00,18.8,47.5,250,1005.7,0.0,0,43.55,10.3,2023-10-31 08:00:00
2023-10-31 09:00:00,19.0,42.9,250,1006.9,0.0,0,43.55,10.3,2023-10-31 09:00:00
2023-10-31 10:00:00,19.3,37.6,253,1007.7,0.0,0,43.55,10.3,2023-10-31 10:00:00
2023-10-31 11:00:00,19.9,37.8,262,1007.9,0.0,0,43.55,10.3,2023-10-31 11:00:00
2023-10-31 12:00:00,19.7,34.0,260,1008.6,0.0,0,43.55,10.3,2023-10-31 12:00:00
2023-10-31 13:00:00,18.5,31.2,249,1009.9,0.1,51,43.55,10.3,2023-10-31 13:00:00
2023-10-31 14:00:00,19.0,34.5,247,1009.8,0.1,51,43.55,10.3,2023-10-31 14:00:00
2023-10-31 15:00:00,18.6,33.6,249,1010.5,0.0,1,43.55,10.3,2023-10-31 15:00:00
2023-10-31 16:00:00,18.1,31.3,251,1010.9,0.1,51,43.55,10.3,2023-10-31 16:00:00
2023-10-31 17:00:00,18.3,32.1,252,1011.7,0.1,51,43.55,10.3,2023-10-31 17:00:00
2023-10-31 18:00:00,18.3,28.5,252,1012.6,0.0,0,43.55,10.3,2023-10-31 18:00:00
2023-10-31 19:00:00,18.2,26.3,248,1013.1,0.0,0,43.55,10.3,2023-10-31 19:00:00
2023-10-31 20:00:00,18.2,24.0,244,1013.4,0.0,1,43.55,10.3,2023-10-31 20:00:00
2023-10-31 21:00:00,18.4,22.2,243,1014.0,0.0,2,43.55,10.3,2023-10-31 21:00:00
2023-10-31 22:00:00,18.3,21.7,246,1014.5,0.0,0,43.55,10.3,2023-10-31 22:00:00
2023-10-31 23:00:00,18.2,20.3,245,1014.9,0.0,0,43.55,10.3,2023-10-31 23:00:00
